0,23.3,100875,2019-09-26 21:16
0,23.3,100857,2019-09-26 21:47
0,23.3,100848,2019-09-26 22:18
0,23.4,100813,2019-09-26 22:49
0,23.3,100804,2019-09-26 23:20
0,23.3,100782,2019-09-26 23:51
0,23.2,100774,2019-09-27 00:23
0,23.2,100726,2019-09-27 00:54
0,23.1,100697,2019-09-27 01:25
0,23.3,100672,2019-09-27 01:56
0,23.2,100648,2019-09-27 02:27
0,23.2,100617,2019-09-27 02:58
0,23.3,100591,2019-09-27 03:29
0,23.3,100545,2019-09-27 04:00
0,23.3,100523,2019-09-27 04:31
0,23.0,100484,2019-09-27 05:02
0,23.0,100469,2019-09-27 05:33
0,23.0,100443,2019-09-27 06:04
0,22.9,100414,2019-09-27 06:35
1,23.1,100378,2019-09-27 07:06
1,23.0,100366,2019-09-27 07:37
1,23.0,100349,2019-09-27 08:08
1,22.9,100310,2019-09-27 08:39
1,22.9,100288,2019-09-27 09:10
1,23.0,100267,2019-09-27 09:41
1,23.1,100249,2019-09-27 10:12
1,23.1,100229,2019-09-27 10:43
1,23.2,100219,2019-09-27 11:14
1,23.2,100222,2019-09-27 11:45
1,23.4,100241,2019-09-27 12:16
0,23.4,100231,2019-09-27 12:47
0,23.4,100237,2019-09-27 13:18
0,23.4,100264,2019-09-27 13:49
0,23.5,100282,2019-09-27 14:20
0,23.6,100276,2019-09-27 14:51
0,24.1,100278,2019-09-27 16:01
0,24.3,100286,2019-09-27 16:32
0,24.3,100277,2019-09-27 17:03
0,24.4,100287,2019-09-27 17:34
0,24.1,100297,2019-09-27 18:05
0,23.7,100344,2019-09-27 18:36
0,23.4,100348,2019-09-27 19:07
0,23.3,100353,2019-09-27 19:38
0,23.2,100369,2019-09-27 20:09
0,23.0,100371,2019-09-27 20:40
0,23.0,100383,2019-09-27 21:12
0,23.0,100389,2019-09-27 21:43
0,23.0,100392,2019-09-27 22:14
0,23.0,100393,2019-09-27 22:45
0,22.9,100386,2019-09-27 23:16
0,22.8,100375,2019-09-27 23:47
0,22.8,100381,2019-09-28 00:18
0,22.8,100366,2019-09-28 00:49
0,22.7,100357,2019-09-28 01:20
0,22.7,100334,2019-09-28 01:51
0,22.7,100322,2019-09-28 02:22
0,22.6,100297,2019-09-28 02:53
0,22.7,100291,2019-09-28 03:24
0,22.6,100270,2019-09-28 03:55
0,22.6,100250,2019-09-28 04:26
0,22.5,100233,2019-09-28 04:57
0,22.5,100239,2019-09-28 05:28
0,22.6,100215,2019-09-28 05:59
1,22.6,100209,2019-09-28 06:30
1,22.7,100225,2019-09-28 07:01
1,22.8,100223,2019-09-28 07:32
1,23.2,100231,2019-09-28 08:03
0,23.4,100238,2019-09-28 08:34
0,23.6,100263,2019-09-28 09:05
0,23.8,100272,2019-09-28 09:36
0,24.2,100277,2019-09-28 10:07
0,24.0,100310,2019-09-28 10:38
0,24.8,100285,2019-09-28 11:09
0,27.8,100278,2019-09-28 11:40
0,27.1,100279,2019-09-28 11:53
0,26.3,100294,2019-09-28 12:24
0,26.6,100293,2019-09-28 12:55
0,26.5,100287,2019-09-28 13:26
0,26.1,100297,2019-09-28 13:57
0,26.6,100271,2019-09-28 14:28
0,25.7,100269,2019-09-28 14:59
0,25.6,100256,2019-09-28 15:31
0,25.4,100234,2019-09-28 16:02
0,24.8,100238,2019-09-28 16:33
0,24.7,100207,2019-09-28 17:04
0,24.5,100204,2019-09-28 17:35
0,24.1,100193,2019-09-28 18:06
0,23.8,100190,2019-09-28 18:37
0,23.5,100157,2019-09-28 19:08
0,23.3,100132,2019-09-28 19:39
0,23.2,100123,2019-09-28 20:10
0,23.0,100065,2019-09-28 20:41
0,23.0,100059,2019-09-28 21:12
1,23.1,100000,2019-09-28 21:43
1,23.3,99968,2019-09-28 22:14
1,23.2,99935,2019-09-28 22:45
1,23.0,99897,2019-09-28 23:16
0,22.8,99831,2019-09-28 23:47
0,22.7,99818,2019-09-29 00:18
0,22.7,99812,2019-09-29 00:49
0,22.6,99788,2019-09-29 01:20
0,22.3,99796,2019-09-29 01:51
0,22.5,99802,2019-09-29 02:22
0,22.5,99817,2019-09-29 02:53
0,22.2,99809,2019-09-29 03:24
0,22.3,99808,2019-09-29 03:55
0,22.3,99785,2019-09-29 04:26
0,22.3,99760,2019-09-29 04:57
0,22.2,99745,2019-09-29 05:28
0,21.9,99727,2019-09-29 05:59
0,21.9,99699,2019-09-29 06:30
1,22.1,99690,2019-09-29 07:01
1,22.3,99677,2019-09-29 07:32
1,22.6,99670,2019-09-29 08:03
1,23.3,99690,2019-09-29 08:34
1,25.7,99644,2019-09-29 09:05
1,26.1,99654,2019-09-29 09:36
1,26.7,99624,2019-09-29 10:07
0,26.4,99612,2019-09-29 10:38
0,27.7,99562,2019-09-29 11:09
0,25.6,99550,2019-09-29 11:40
0,25.5,99504,2019-09-29 12:11
0,25.7,99475,2019-09-29 12:43
0,25.0,99460,2019-09-29 13:14
0,24.7,99427,2019-09-29 13:45
0,24.4,99402,2019-09-29 14:16
0,24.1,99372,2019-09-29 14:47
0,24.0,99328,2019-09-29 15:18
0,24.1,99286,2019-09-29 15:49
0,23.8,99187,2019-09-29 17:11
0,23.5,99134,2019-09-29 17:42
0,23.4,99080,2019-09-29 18:13
0,23.4,99029,2019-09-29 18:44
0,23.3,98981,2019-09-29 19:15
0,23.2,98952,2019-09-29 19:46
0,23.2,98907,2019-09-29 20:17
0,23.1,98866,2019-09-29 20:48
0,23.1,98818,2019-09-29 21:19
0,23.0,98791,2019-09-29 21:50
0,23.0,98730,2019-09-29 22:21
0,22.9,98698,2019-09-29 22:52
0,22.9,98654,2019-09-29 23:23
0,22.8,98629,2019-09-29 23:54
0,22.8,98591,2019-09-30 00:25
0,22.8,98568,2019-09-30 00:56
1,22.8,98526,2019-09-30 01:27
1,22.7,98482,2019-09-30 01:58
1,22.7,98458,2019-09-30 02:29
1,22.6,98428,2019-09-30 03:00
1,22.6,98417,2019-09-30 03:31
1,22.5,98395,2019-09-30 04:02
1,22.6,98385,2019-09-30 04:33
1,22.5,98380,2019-09-30 05:04
1,22.5,98357,2019-09-30 05:36
1,22.4,98374,2019-09-30 06:07
0,22.3,98401,2019-09-30 06:38
0,22.6,98450,2019-09-30 07:09
0,22.7,98477,2019-09-30 07:40
0,22.9,98547,2019-09-30 08:11
0,22.9,98595,2019-09-30 08:42
0,22.9,98651,2019-09-30 09:13
0,23.2,98687,2019-09-30 09:44
0,23.9,98738,2019-09-30 10:15
0,24.1,98818,2019-09-30 10:46
0,24.3,98861,2019-09-30 11:17
0,24.9,98920,2019-09-30 11:48
0,25.2,98973,2019-09-30 12:19
0,25.2,99033,2019-09-30 12:50
0,25.9,99060,2019-09-30 13:21
0,24.9,99118,2019-09-30 13:52
0,25.1,99189,2019-09-30 14:23
0,24.4,99260,2019-09-30 14:54
0,24.5,99298,2019-09-30 15:25
0,24.4,99311,2019-09-30 15:56
0,23.8,99357,2019-09-30 16:27
0,23.5,99364,2019-09-30 16:58
0,23.4,99418,2019-09-30 17:07
0,23.2,99470,2019-09-30 17:38
0,22.9,99501,2019-09-30 18:09
0,22.7,99528,2019-09-30 18:40
0,22.5,99636,2019-09-30 19:11
0,22.4,99630,2019-09-30 19:42
0,22.4,99676,2019-09-30 20:13
0,22.3,99683,2019-09-30 20:44
0,22.2,99742,2019-09-30 21:16
0,21.9,99759,2019-09-30 21:47
0,21.8,99788,2019-09-30 22:18
0,21.7,99823,2019-09-30 22:49
0,21.7,99821,2019-09-30 23:20
0,21.6,99834,2019-09-30 23:51
0,21.6,99836,2019-10-01 00:22
0,21.6,99839,2019-10-01 00:53
0,21.7,99848,2019-10-01 01:24
0,21.6,99840,2019-10-01 01:55
0,21.6,99832,2019-10-01 02:26
0,21.5,99818,2019-10-01 02:57
0,21.5,99802,2019-10-01 03:28
0,21.5,99759,2019-10-01 03:59
0,21.5,99741,2019-10-01 04:30
0,21.5,99698,2019-10-01 05:01
0,21.5,99692,2019-10-01 05:32
0,21.4,99661,2019-10-01 06:03
0,21.5,99651,2019-10-01 06:34
0,21.3,99668,2019-10-01 07:05
0,21.2,99648,2019-10-01 07:36
0,21.3,99660,2019-10-01 08:07
0,21.3,99640,2019-10-01 08:38
0,21.5,99641,2019-10-01 09:09
0,21.7,99631,2019-10-01 09:40
0,21.9,99605,2019-10-01 10:11
0,22.2,99600,2019-10-01 10:42
0,22.4,99562,2019-10-01 11:13
0,22.5,99533,2019-10-01 11:44
0,22.6,99474,2019-10-01 12:15
0,22.5,99473,2019-10-01 12:46
0,22.3,99447,2019-10-01 13:17
0,22.3,99417,2019-10-01 13:48
0,22.3,99393,2019-10-01 14:19
0,22.2,99375,2019-10-01 14:50
0,22.1,99335,2019-10-01 15:21
0,22.1,99340,2019-10-01 15:52
0,22.1,99350,2019-10-01 16:23
0,21.8,99352,2019-10-01 16:55
0,21.7,99329,2019-10-01 17:26
0,21.5,99350,2019-10-01 17:57
0,21.4,99365,2019-10-01 18:28
0,21.3,99352,2019-10-01 18:59
0,21.3,99355,2019-10-01 19:30
0,21.2,99377,2019-10-01 20:01
0,21.2,99374,2019-10-01 20:32
0,21.1,99391,2019-10-01 21:03
0,21.1,99391,2019-10-01 21:34
0,21.1,99397,2019-10-01 22:05
0,20.9,99400,2019-10-01 22:36
0,21.2,99395,2019-10-01 23:07
0,21.3,99398,2019-10-01 23:38
0,21.3,99401,2019-10-02 00:09
0,21.3,99419,2019-10-02 00:40
0,21.2,99433,2019-10-02 00:29
0,21.2,99438,2019-10-02 01:34
0,21.2,99427,2019-10-02 02:05
0,21.2,99414,2019-10-02 02:36
0,21.2,99435,2019-10-02 03:07
0,21.1,99439,2019-10-02 03:38
0,21.1,99412,2019-10-02 04:09
0,21.0,99415,2019-10-02 04:40
0,21.0,99435,2019-10-02 05:11
0,20.9,99420,2019-10-02 05:42
0,20.9,99429,2019-10-02 06:13
0,21.0,99454,2019-10-02 06:44
0,21.1,99474,2019-10-02 07:15
0,21.1,99519,2019-10-02 07:46
0,21.2,99552,2019-10-02 08:17
0,21.5,99599,2019-10-02 08:48
0,22.6,99625,2019-10-02 09:19
0,23.4,99641,2019-10-02 09:50
0,23.4,99671,2019-10-02 10:21
0,23.6,99693,2019-10-02 10:52
0,23.7,99731,2019-10-02 11:23
0,24.1,99719,2019-10-02 11:54
0,24.6,99746,2019-10-02 12:25
0,25.0,99779,2019-10-02 12:56
0,25.1,99776,2019-10-02 13:27
0,24.8,99787,2019-10-02 13:58
0,25.2,99826,2019-10-02 14:29
0,24.6,99832,2019-10-02 15:00
0,24.2,99883,2019-10-02 15:31
0,24.0,99909,2019-10-02 16:02
0,23.9,99938,2019-10-02 16:08
0,22.7,99947,2019-10-02 16:09
1,23.4,99978,2019-10-02 16:40
1,23.1,100024,2019-10-02 17:11
1,22.9,100018,2019-10-02 17:42
1,22.7,100061,2019-10-02 18:13
1,22.5,100032,2019-10-02 18:44
1,22.8,100067,2019-10-02 19:15
1,22.5,100090,2019-10-02 19:46
1,22.6,100120,2019-10-02 20:17
0,22.0,100152,2019-10-02 20:48
0,21.8,100176,2019-10-02 21:19
0,21.6,100207,2019-10-02 21:50
0,21.5,100237,2019-10-02 22:21
0,21.4,100283,2019-10-02 22:52
0,21.3,100290,2019-10-02 23:23
0,21.3,100304,2019-10-02 23:54
0,21.1,100343,2019-10-03 00:25
0,20.9,100358,2019-10-03 00:56
0,20.8,100408,2019-10-03 01:27
0,20.6,100427,2019-10-03 01:58
0,20.5,100448,2019-10-03 02:29
0,20.4,100469,2019-10-03 03:00
0,20.2,100477,2019-10-03 03:31
0,20.1,100520,2019-10-03 04:02
0,20.0,100576,2019-10-03 04:33
0,20.0,100620,2019-10-03 05:04
0,20.1,100668,2019-10-03 05:35
0,20.0,100700,2019-10-03 06:06
0,20.5,100718,2019-10-03 06:37
0,20.9,100761,2019-10-03 07:09
0,21.0,100779,2019-10-03 07:40
0,21.1,100816,2019-10-03 08:11
0,21.2,100853,2019-10-03 08:42
0,21.5,100876,2019-10-03 09:13
0,21.7,100891,2019-10-03 09:44
0,22.1,100900,2019-10-03 10:15
0,22.3,100918,2019-10-03 10:46
0,22.6,100937,2019-10-03 11:17
0,22.5,100975,2019-10-03 11:48
0,22.4,100974,2019-10-03 12:19
0,22.5,100984,2019-10-03 12:50
0,22.7,100995,2019-10-03 13:21
0,22.5,101019,2019-10-03 13:52
0,22.4,101011,2019-10-03 14:23
0,22.4,101006,2019-10-03 14:54
0,22.4,101015,2019-10-03 15:25
0,22.5,101020,2019-10-03 15:56
0,22.6,101054,2019-10-03 16:27
0,22.5,101049,2019-10-03 16:58
0,22.2,101059,2019-10-03 17:29
0,22.1,101072,2019-10-03 18:00
0,22.0,101079,2019-10-03 18:31
0,22.0,101087,2019-10-03 18:33
0,21.9,101088,2019-10-03 18:34
0,22.0,101087,2019-10-03 18:34
0,22.0,101087,2019-10-03 18:34
0,22.0,101090,2019-10-03 18:35
0,21.3,101099,2019-10-03 19:05
0,21.7,101106,2019-10-03 19:35
0,21.7,101118,2019-10-03 20:05
0,21.7,101145,2019-10-03 20:35
0,21.3,101161,2019-10-03 21:05
0,21.2,101153,2019-10-03 21:35
0,21.2,101141,2019-10-03 22:05
0,21.1,101138,2019-10-03 22:35
0,21.3,101096,2019-10-03 23:05
0,20.8,101092,2019-10-03 23:35
0,20.6,101064,2019-10-04 00:05
0,20.4,101040,2019-10-04 00:35
0,20.3,101047,2019-10-04 01:05
0,20.2,101053,2019-10-04 01:35
0,20.1,101057,2019-10-04 02:05
0,20.0,101018,2019-10-04 02:35
0,19.8,101014,2019-10-04 03:05
0,19.9,101002,2019-10-04 03:35
0,19.8,100982,2019-10-04 04:05
0,19.8,100972,2019-10-04 04:35
0,19.8,100972,2019-10-04 05:05
0,19.7,100965,2019-10-04 05:35
0,20.1,100942,2019-10-04 06:05
1,20.6,100931,2019-10-04 06:35
0,20.7,100930,2019-10-04 07:06
0,20.7,100929,2019-10-04 07:36
0,20.7,100947,2019-10-04 08:06
0,20.8,100948,2019-10-04 08:36
0,20.9,100942,2019-10-04 09:06
0,21.0,100953,2019-10-04 09:36
0,21.2,100924,2019-10-04 10:06
0,21.2,100918,2019-10-04 10:36
0,21.7,100888,2019-10-04 11:06
0,22.4,100846,2019-10-04 11:36
0,22.5,100848,2019-10-04 12:06
0,22.6,100823,2019-10-04 12:36
0,23.1,100817,2019-10-04 13:06
0,22.9,100815,2019-10-04 13:36
0,22.8,100797,2019-10-04 14:06
0,22.8,100813,2019-10-04 14:36
0,22.6,100819,2019-10-04 15:06
0,22.4,100826,2019-10-04 15:36
0,22.5,100844,2019-10-04 16:06
0,22.3,100849,2019-10-04 16:36
0,21.9,100851,2019-10-04 17:06
0,21.6,100878,2019-10-04 17:36
0,21.4,100903,2019-10-04 18:06
0,21.3,100928,2019-10-04 18:36
0,21.1,100945,2019-10-04 19:06
0,21.0,100947,2019-10-04 19:36
0,20.9,100959,2019-10-04 20:06
0,20.9,100965,2019-10-04 20:36
0,20.9,100981,2019-10-04 21:06
0,20.9,100987,2019-10-04 21:36
0,20.8,101019,2019-10-04 22:06
0,20.7,101042,2019-10-04 22:36
0,20.6,101055,2019-10-04 23:06
0,20.6,101042,2019-10-04 23:36
0,20.6,101053,2019-10-05 00:07
0,20.4,101083,2019-10-05 00:37
0,20.5,101092,2019-10-05 01:07
0,20.6,101132,2019-10-05 01:37
0,20.5,101135,2019-10-05 02:07
0,20.5,101150,2019-10-05 02:37
0,20.5,101186,2019-10-05 03:07
0,20.5,101191,2019-10-05 03:37
0,20.4,101192,2019-10-05 04:07
0,20.4,101216,2019-10-05 04:37
0,20.4,101248,2019-10-05 05:07
0,20.4,101254,2019-10-05 05:37
0,20.5,101275,2019-10-05 06:07
0,20.4,101313,2019-10-05 06:37
0,20.5,101352,2019-10-05 07:07
0,20.7,101401,2019-10-05 07:37
0,20.9,101432,2019-10-05 08:07
0,21.0,101484,2019-10-05 08:37
0,21.0,101514,2019-10-05 09:07
0,21.3,101545,2019-10-05 09:37
0,21.8,101574,2019-10-05 10:07
0,22.3,101592,2019-10-05 10:37
0,23.3,101587,2019-10-05 11:07
0,24.7,101590,2019-10-05 11:37
0,26.2,101614,2019-10-05 12:07
0,25.2,101629,2019-10-05 12:37
0,26.1,101640,2019-10-05 13:07
0,26.3,101660,2019-10-05 13:37
0,26.2,101707,2019-10-05 14:07
0,24.9,101742,2019-10-05 14:37
0,24.4,101750,2019-10-05 15:07
0,24.1,101783,2019-10-05 15:37
0,24.1,101786,2019-10-05 16:07
0,24.0,101830,2019-10-05 16:37
0,23.7,101854,2019-10-05 17:07
0,23.1,101887,2019-10-05 17:38
0,22.6,101920,2019-10-05 18:08
0,22.3,101953,2019-10-05 18:38
0,22.1,101966,2019-10-05 19:08
0,21.7,102006,2019-10-05 19:38
0,21.6,102027,2019-10-05 20:08
0,21.4,102061,2019-10-05 20:38
0,21.4,102065,2019-10-05 21:08
0,21.2,102063,2019-10-05 21:38
0,21.2,102086,2019-10-05 22:08
0,20.3,102089,2019-10-05 22:38
0,20.0,102110,2019-10-05 23:08
0,19.7,102098,2019-10-05 23:38
0,19.4,102121,2019-10-06 00:08
0,19.3,102116,2019-10-06 00:38
0,19.1,102112,2019-10-06 01:08
0,18.9,102096,2019-10-06 01:38
0,18.8,102105,2019-10-06 02:08
0,18.7,102095,2019-10-06 02:38
0,18.6,102101,2019-10-06 03:08
0,18.5,102099,2019-10-06 03:38
0,18.4,102103,2019-10-06 04:08
0,18.3,102068,2019-10-06 04:38
0,18.2,102066,2019-10-06 05:08
0,18.1,102063,2019-10-06 05:38
1,18.0,102061,2019-10-06 06:08
0,18.1,102079,2019-10-06 06:38
0,18.7,102051,2019-10-06 07:08
0,19.1,102039,2019-10-06 07:38
0,19.4,102056,2019-10-06 08:08
0,19.8,102051,2019-10-06 08:38
0,22.6,102052,2019-10-06 09:08
0,25.2,102042,2019-10-06 09:38
0,26.3,102030,2019-10-06 10:08
0,26.9,102022,2019-10-06 10:38
0,27.3,102011,2019-10-06 11:09
0,27.7,101979,2019-10-06 11:39
0,26.3,101973,2019-10-06 12:09
0,27.5,101945,2019-10-06 12:39
0,25.2,101954,2019-10-06 13:09
0,25.7,101903,2019-10-06 13:39
0,25.8,101888,2019-10-06 14:09
0,25.6,101864,2019-10-06 14:39
0,24.8,101856,2019-10-06 15:09
0,24.4,101834,2019-10-06 15:39
0,23.9,101808,2019-10-06 16:09
0,23.7,101829,2019-10-06 16:39
0,23.2,101839,2019-10-06 17:09
0,22.8,101842,2019-10-06 17:39
0,22.5,101857,2019-10-06 18:09
0,22.3,101856,2019-10-06 18:39
0,22.1,101864,2019-10-06 19:09
0,22.0,101838,2019-10-06 19:39
0,21.5,101856,2019-10-06 20:09
0,21.3,101857,2019-10-06 20:39
0,21.2,101856,2019-10-06 21:09
0,20.3,101857,2019-10-06 21:39
0,19.9,101874,2019-10-06 22:09
0,19.6,101838,2019-10-06 22:39
0,19.6,101834,2019-10-06 23:09
0,19.5,101840,2019-10-06 23:39
0,19.4,101826,2019-10-07 00:09
0,19.5,101836,2019-10-07 00:39
0,19.4,101829,2019-10-07 01:09
0,18.4,101837,2019-10-07 01:39
0,17.9,101835,2019-10-07 02:09
0,17.6,101835,2019-10-07 02:39
0,17.4,101834,2019-10-07 03:09
0,17.1,101842,2019-10-07 03:39
0,17.0,101822,2019-10-07 04:09
1,16.8,101821,2019-10-07 04:39
0,16.7,101815,2019-10-07 05:10
0,16.5,101814,2019-10-07 05:40
0,18.0,101753,2019-10-07 06:10
0,18.2,101789,2019-10-07 06:40
0,19.3,101777,2019-10-07 07:10
0,19.5,101808,2019-10-07 07:40
0,19.6,101797,2019-10-07 08:10
0,19.9,101793,2019-10-07 08:40
0,23.9,101764,2019-10-07 09:10
0,25.2,101774,2019-10-07 09:40
0,26.2,101776,2019-10-07 10:10
0,26.9,101756,2019-10-07 10:40
0,27.7,101759,2019-10-07 11:10
0,27.9,101677,2019-10-07 11:40
0,28.3,101629,2019-10-07 12:10
0,28.2,101612,2019-10-07 12:40
0,28.0,101560,2019-10-07 13:10
0,27.6,101548,2019-10-07 13:40
0,27.1,101513,2019-10-07 14:10
0,26.7,101542,2019-10-07 14:40
0,26.2,101550,2019-10-07 15:10
0,25.8,101532,2019-10-07 15:40
0,25.3,101538,2019-10-07 16:10
0,24.5,101538,2019-10-07 16:40
0,23.8,101507,2019-10-07 17:10
0,23.1,101487,2019-10-07 17:40
0,22.7,101424,2019-10-07 18:10
0,22.3,101439,2019-10-07 18:40
0,22.0,101425,2019-10-07 19:10
0,21.5,101416,2019-10-07 19:40
0,21.5,101397,2019-10-07 20:10
0,21.5,101380,2019-10-07 20:40
0,21.3,101340,2019-10-07 21:10
0,21.1,101301,2019-10-07 21:40
0,20.9,101240,2019-10-07 22:08
0,20.9,101249,2019-10-07 22:08
0,20.9,101237,2019-10-07 22:12
0,20.8,101178,2019-10-07 22:42
0,20.7,101116,2019-10-07 23:12
0,20.7,101063,2019-10-07 23:42
0,20.8,101060,2019-10-08 00:12
0,20.7,101001,2019-10-08 00:42
0,20.7,100944,2019-10-08 01:12
0,20.6,100885,2019-10-08 01:42
0,20.6,100830,2019-10-08 02:12
0,20.6,100746,2019-10-08 02:42
0,20.5,100715,2019-10-08 03:12
0,20.5,100711,2019-10-08 03:42
0,20.5,100619,2019-10-08 04:12
0,20.5,100542,2019-10-08 04:43
0,20.5,100433,2019-10-08 05:13
0,20.5,100361,2019-10-08 05:43
1,20.5,100294,2019-10-08 06:13
1,20.9,100275,2019-10-08 06:43
1,21.5,100240,2019-10-08 06:52
1,21.5,100234,2019-10-08 06:58
1,21.5,100216,2019-10-08 07:01
1,21.5,100127,2019-10-08 07:31
1,21.5,100086,2019-10-08 08:01
1,21.7,99987,2019-10-08 08:31
1,21.7,99911,2019-10-08 09:01
1,21.8,99854,2019-10-08 09:31
1,21.8,99783,2019-10-08 10:01
1,21.8,99724,2019-10-08 10:31
1,21.8,99670,2019-10-08 11:01
1,21.8,99622,2019-10-08 11:31
1,21.8,99555,2019-10-08 12:01
1,21.8,99513,2019-10-08 12:31
1,21.8,99475,2019-10-08 13:01
1,22.2,99479,2019-10-08 13:31
0,23.6,99454,2019-10-08 14:01
0,24.0,99494,2019-10-08 14:31
0,23.9,99521,2019-10-08 15:01
0,24.3,99515,2019-10-08 15:31
0,24.2,99512,2019-10-08 16:01
0,23.8,99545,2019-10-08 16:44
0,23.5,99534,2019-10-08 17:14
0,23.3,99563,2019-10-08 17:44
0,23.2,99586,2019-10-08 18:14
0,23.1,99602,2019-10-08 18:43
0,22.8,99600,2019-10-08 19:14
0,22.6,99600,2019-10-08 19:44
0,22.6,99619,2019-10-08 20:14
0,22.6,99635,2019-10-08 20:44
0,22.2,99638,2019-10-08 21:14
0,22.0,99629,2019-10-08 21:45
0,21.9,99622,2019-10-08 22:15
0,21.8,99601,2019-10-08 22:45
0,21.7,99622,2019-10-08 23:15
0,21.6,99623,2019-10-08 23:45
0,21.5,99644,2019-10-09 00:15
0,21.5,99651,2019-10-09 00:45
0,21.4,99651,2019-10-09 01:15
0,21.4,99635,2019-10-09 01:45
0,21.3,99640,2019-10-09 02:15
0,21.3,99628,2019-10-09 02:45
0,21.2,99622,2019-10-09 03:15
0,21.2,99643,2019-10-09 03:45
0,21.2,99605,2019-10-09 04:15
0,21.3,99628,2019-10-09 04:45
0,21.2,99630,2019-10-09 05:15
0,21.2,99692,2019-10-09 05:45
0,21.8,99715,2019-10-09 06:15
0,21.9,99771,2019-10-09 06:45
0,21.9,99800,2019-10-09 07:15
0,22.1,99803,2019-10-09 07:45
0,22.3,99823,2019-10-09 08:15
0,22.9,99840,2019-10-09 08:45
0,23.8,99859,2019-10-09 09:15
0,24.4,99868,2019-10-09 09:45
0,24.3,99892,2019-10-09 10:15
0,24.7,99901,2019-10-09 10:45
0,26.8,99854,2019-10-09 11:15
0,27.3,99849,2019-10-09 11:45
0,27.2,99851,2019-10-09 12:15
0,26.8,99867,2019-10-09 12:45
0,26.7,99864,2019-10-09 13:15
0,25.7,99887,2019-10-09 13:45
0,25.0,99869,2019-10-09 14:16
1,24.4,99880,2019-10-09 14:46
1,24.2,99883,2019-10-09 15:16
1,23.8,99892,2019-10-09 15:46
1,23.5,99894,2019-10-09 16:16
1,23.3,99882,2019-10-09 16:46
1,23.1,99859,2019-10-09 17:16
1,23.0,99852,2019-10-09 17:46
1,22.9,99855,2019-10-09 18:16
0,22.8,99834,2019-10-09 18:46
0,22.8,99824,2019-10-09 19:16
0,22.7,99817,2019-10-09 19:46
0,22.7,99784,2019-10-09 20:16
0,22.7,99766,2019-10-09 20:46
0,22.7,99759,2019-10-09 21:16
0,22.6,99736,2019-10-09 21:46
1,22.6,99713,2019-10-09 22:16
1,22.5,99683,2019-10-09 22:46
1,22.3,99694,2019-10-09 23:16
1,22.2,99662,2019-10-09 23:46
1,22.0,99654,2019-10-10 00:16
1,22.0,99664,2019-10-10 00:46
1,21.9,99663,2019-10-10 01:16
1,21.9,99646,2019-10-10 01:46
1,21.9,99648,2019-10-10 02:16
1,21.8,99637,2019-10-10 02:46
1,21.8,99637,2019-10-10 03:16
1,21.7,99638,2019-10-10 03:46
1,21.7,99647,2019-10-10 04:16
1,21.6,99682,2019-10-10 04:46
1,21.6,99684,2019-10-10 05:16
1,21.6,99716,2019-10-10 05:46
1,22.2,99739,2019-10-10 06:17
1,21.9,99782,2019-10-10 06:47
1,21.9,99802,2019-10-10 07:17
1,22.0,99820,2019-10-10 07:47
1,22.2,99855,2019-10-10 08:17
1,22.8,99877,2019-10-10 08:47
1,22.7,99894,2019-10-10 09:17
1,22.7,99932,2019-10-10 09:47
1,23.1,99954,2019-10-10 10:17
1,23.4,99966,2019-10-10 10:47
1,24.1,99975,2019-10-10 11:17
1,23.6,100015,2019-10-10 11:47
1,25.5,100009,2019-10-10 12:17
1,25.4,100025,2019-10-10 12:47
1,24.1,100043,2019-10-10 13:17
0,26.1,100041,2019-10-10 13:47
0,26.1,100063,2019-10-10 14:17
0,25.7,100113,2019-10-10 14:47
0,25.5,100106,2019-10-10 15:17
0,25.2,100127,2019-10-10 15:47
0,25.0,100136,2019-10-10 16:17
0,24.4,100123,2019-10-10 16:47
0,23.9,100147,2019-10-10 17:17
0,23.4,100183,2019-10-10 17:47
0,23.0,100185,2019-10-10 18:17
0,22.8,100225,2019-10-10 18:47
0,22.8,100234,2019-10-10 19:17
0,22.7,100246,2019-10-10 19:47
0,22.6,100244,2019-10-10 20:17
0,21.4,100233,2019-10-10 20:47
0,19.5,100236,2019-10-10 21:17
0,18.9,100255,2019-10-10 21:47
0,19.4,100280,2019-10-10 22:17
0,19.0,100292,2019-10-10 22:48
0,19.0,100284,2019-10-10 23:18
0,19.0,100313,2019-10-10 23:48
0,19.1,100326,2019-10-11 00:18
0,19.1,100334,2019-10-11 00:48
0,19.1,100339,2019-10-11 01:18
0,18.9,100332,2019-10-11 01:48
0,18.5,100330,2019-10-11 02:18
0,18.7,100325,2019-10-11 02:48
0,18.6,100314,2019-10-11 03:18
0,18.6,100299,2019-10-11 03:48
1,18.4,100285,2019-10-11 04:18
1,18.3,100234,2019-10-11 04:48
1,18.1,100170,2019-10-11 05:18
1,17.9,100115,2019-10-11 05:48
1,18.0,100123,2019-10-11 06:18
1,18.1,100075,2019-10-11 06:48
1,21.1,100050,2019-10-11 07:18
1,21.5,100062,2019-10-11 07:48
1,21.6,100035,2019-10-11 08:18
1,21.7,100033,2019-10-11 08:48
1,21.9,100018,2019-10-11 09:18
1,22.0,100011,2019-10-11 09:48
1,22.0,99976,2019-10-11 10:18
1,22.0,99976,2019-10-11 10:48
1,22.3,100002,2019-10-11 11:18
1,25.2,99979,2019-10-11 11:48
1,24.6,100006,2019-10-11 12:18
1,23.9,99981,2019-10-11 12:48
1,23.4,99996,2019-10-11 13:18
1,23.1,99973,2019-10-11 13:48
1,22.9,99929,2019-10-11 14:18
1,22.8,99917,2019-10-11 14:48
1,22.7,99894,2019-10-11 15:19
1,22.6,99850,2019-10-11 15:49
1,22.6,99811,2019-10-11 16:19
1,22.5,99781,2019-10-11 16:49
1,22.6,99775,2019-10-11 17:19
1,22.5,99724,2019-10-11 17:49
1,22.5,99671,2019-10-11 18:19
1,22.4,99606,2019-10-11 18:49
1,22.4,99603,2019-10-11 19:19
1,22.3,99585,2019-10-11 19:49
1,22.4,99530,2019-10-11 20:19
1,22.3,99523,2019-10-11 20:49
1,22.4,99564,2019-10-11 21:19
1,22.3,99541,2019-10-11 21:49
1,22.3,99533,2019-10-11 22:19
1,22.3,99562,2019-10-11 22:49
1,22.3,99535,2019-10-11 23:19
1,22.4,99564,2019-10-11 23:49
1,22.3,99506,2019-10-12 00:19
1,22.3,99574,2019-10-12 00:49
1,22.3,99544,2019-10-12 01:19
1,22.3,99568,2019-10-12 01:49
1,22.3,99573,2019-10-12 02:19
1,22.3,99603,2019-10-12 02:49
1,22.3,99641,2019-10-12 03:19
1,22.3,99658,2019-10-12 03:49
1,22.3,99703,2019-10-12 04:19
1,22.3,99699,2019-10-12 04:49
1,22.3,99724,2019-10-12 05:19
1,22.3,99739,2019-10-12 05:49
1,22.3,99780,2019-10-12 06:19
1,22.3,99788,2019-10-12 06:49
1,22.3,99809,2019-10-12 07:20
1,22.4,99853,2019-10-12 07:50
1,22.4,99890,2019-10-12 08:20
1,22.5,99917,2019-10-12 08:50
1,22.9,99959,2019-10-12 09:20
1,23.5,100006,2019-10-12 09:50
1,23.4,100043,2019-10-12 10:20
1,23.4,100058,2019-10-12 10:50
0,23.5,100099,2019-10-12 11:20
0,23.2,100115,2019-10-12 11:50
0,24.8,100105,2019-10-12 12:20
0,24.2,100129,2019-10-12 12:50
0,23.7,100162,2019-10-12 13:20
1,23.5,100167,2019-10-12 13:50
1,23.2,100179,2019-10-12 14:20
1,23.5,100163,2019-10-12 14:50
1,23.4,100195,2019-10-12 15:20
1,23.1,100198,2019-10-12 15:50
1,22.9,100238,2019-10-12 16:20
1,22.8,100276,2019-10-12 16:50
1,22.6,100277,2019-10-12 17:20
1,22.5,100291,2019-10-12 17:50
1,22.4,100338,2019-10-12 18:20
1,22.3,100349,2019-10-12 18:50
1,22.3,100375,2019-10-12 19:20
1,22.3,100393,2019-10-12 19:50
0,22.3,100418,2019-10-12 20:20
0,22.2,100450,2019-10-12 20:50
0,22.2,100463,2019-10-12 21:20
0,22.2,100477,2019-10-12 21:50
0,22.2,100509,2019-10-12 22:20
0,22.1,100545,2019-10-12 22:50
0,22.2,100538,2019-10-12 23:21
0,22.1,100575,2019-10-12 23:51
0,22.1,100612,2019-10-13 00:21
0,22.1,100619,2019-10-13 00:51
0,22.0,100653,2019-10-13 01:21
0,22.0,100639,2019-10-13 01:51
0,22.0,100656,2019-10-13 02:21
0,22.0,100656,2019-10-13 02:51
0,22.0,100654,2019-10-13 03:21
0,22.0,100682,2019-10-13 03:51
0,22.0,100676,2019-10-13 04:21
0,22.0,100680,2019-10-13 04:51
0,22.0,100670,2019-10-13 05:21
0,22.0,100677,2019-10-13 05:51
0,22.0,100728,2019-10-13 06:21
0,22.0,100762,2019-10-13 06:51
0,22.1,100784,2019-10-13 07:21
0,22.2,100817,2019-10-13 07:51
0,22.2,100821,2019-10-13 08:21
0,22.3,100848,2019-10-13 08:51
0,22.5,100849,2019-10-13 09:21
0,22.5,100861,2019-10-13 09:51
0,22.7,100880,2019-10-13 10:21
0,22.7,100903,2019-10-13 10:51
0,22.9,100886,2019-10-13 11:21
0,24.5,100827,2019-10-13 11:51
0,23.8,100866,2019-10-13 12:21
0,23.4,100884,2019-10-13 12:51
0,23.1,100867,2019-10-13 13:21
0,22.9,100859,2019-10-13 13:51
0,22.8,100857,2019-10-13 14:21
0,22.7,100824,2019-10-13 14:51
0,22.4,100795,2019-10-13 15:21
0,22.6,100784,2019-10-13 15:52
0,22.5,100741,2019-10-13 16:22
0,22.6,100668,2019-10-13 16:52
0,22.7,100576,2019-10-13 17:22
1,22.7,100514,2019-10-13 17:52
1,22.6,100485,2019-10-13 18:22
1,22.6,100405,2019-10-13 18:52
1,22.5,100314,2019-10-13 19:22
1,22.5,100217,2019-10-13 19:52
1,22.4,100126,2019-10-13 20:22
1,22.4,100141,2019-10-13 20:52
1,21.6,100073,2019-10-13 21:22
1,22.0,100020,2019-10-13 21:52
1,22.1,99982,2019-10-13 22:22
1,20.6,100038,2019-10-13 22:52
1,20.5,100041,2019-10-13 23:22
1,20.6,100059,2019-10-13 23:52
1,20.5,100048,2019-10-14 00:22
1,20.5,100042,2019-10-14 00:52
1,20.5,100083,2019-10-14 01:22
1,20.6,100106,2019-10-14 01:52
1,20.3,100112,2019-10-14 02:22
1,19.9,100164,2019-10-14 02:52
1,20.8,100163,2019-10-14 03:22
0,21.7,100171,2019-10-14 03:52
0,21.8,100197,2019-10-14 04:22
0,21.9,100206,2019-10-14 04:52
0,22.0,100206,2019-10-14 05:22
0,22.0,100229,2019-10-14 05:52
0,22.0,100274,2019-10-14 06:22
0,22.1,100312,2019-10-14 06:52
0,22.5,100403,2019-10-14 07:22
0,22.7,100489,2019-10-14 07:52
0,22.9,100533,2019-10-14 08:23
0,24.9,100616,2019-10-14 08:53
0,25.9,100662,2019-10-14 09:23
0,26.4,100731,2019-10-14 09:53
0,25.6,100799,2019-10-14 10:23
0,25.1,100856,2019-10-14 10:53
0,24.5,100908,2019-10-14 11:23
0,24.4,100956,2019-10-14 11:53
0,24.0,101008,2019-10-14 12:23
0,23.9,101045,2019-10-14 12:53
0,23.6,101080,2019-10-14 13:23
0,23.6,101082,2019-10-14 13:53
0,23.5,101109,2019-10-14 14:23
0,23.3,101154,2019-10-14 14:53
0,23.2,101180,2019-10-14 15:23
0,23.2,101169,2019-10-14 15:53
0,23.1,101210,2019-10-14 16:23
0,22.9,101238,2019-10-14 16:53
0,22.7,101245,2019-10-14 17:23
0,22.6,101251,2019-10-14 17:53
0,22.7,101277,2019-10-14 18:23
0,22.7,101263,2019-10-14 18:53
0,22.7,101296,2019-10-14 19:23
0,22.6,101321,2019-10-14 19:53
0,22.6,101302,2019-10-14 20:23
0,22.6,101313,2019-10-14 20:53
0,20.5,101301,2019-10-14 21:23
0,20.3,101259,2019-10-14 21:53
0,20.1,101200,2019-10-14 22:23
0,19.8,101251,2019-10-14 22:53
0,19.8,101261,2019-10-14 23:23
0,19.6,101258,2019-10-14 23:53
0,19.3,101276,2019-10-15 00:24
0,19.4,101273,2019-10-15 00:54
0,19.5,101161,2019-10-15 01:24
0,20.6,101023,2019-10-15 01:54
1,21.1,101028,2019-10-15 02:24
1,21.2,101147,2019-10-15 02:54
1,21.2,101101,2019-10-15 03:24
1,21.2,101049,2019-10-15 03:54
1,21.2,100878,2019-10-15 04:24
1,21.2,100822,2019-10-15 04:54
1,21.1,100803,2019-10-15 05:24
1,21.2,100777,2019-10-15 05:54
1,21.2,100789,2019-10-15 06:24
1,21.5,100759,2019-10-15 06:54
1,21.8,100719,2019-10-15 07:24
1,22.1,100694,2019-10-15 07:54
1,22.4,100663,2019-10-15 08:24
1,23.9,100607,2019-10-15 08:54
1,25.5,100605,2019-10-15 09:24
0,26.3,100581,2019-10-15 09:54
0,26.8,100551,2019-10-15 10:24
0,26.6,100531,2019-10-15 10:54
0,26.7,100499,2019-10-15 11:24
0,26.7,100513,2019-10-15 11:54
0,26.6,100494,2019-10-15 12:24
0,26.4,100460,2019-10-15 12:54
0,26.0,100433,2019-10-15 13:24
0,25.3,100429,2019-10-15 13:54
0,25.4,100383,2019-10-15 14:24
0,25.6,100350,2019-10-15 14:54
0,25.4,100342,2019-10-15 15:24
0,24.9,100350,2019-10-15 15:54
0,24.5,100336,2019-10-15 16:24
0,24.1,100346,2019-10-15 16:55
0,23.8,100386,2019-10-15 17:25
0,23.6,100413,2019-10-15 17:55
0,23.4,100437,2019-10-15 18:25
0,23.3,100413,2019-10-15 18:55
0,23.3,100404,2019-10-15 19:25
0,23.1,100427,2019-10-15 19:55
0,23.1,100427,2019-10-15 20:25
0,23.0,100411,2019-10-15 20:55
0,22.5,100372,2019-10-15 21:25
0,22.4,100364,2019-10-15 21:55
0,22.3,100333,2019-10-15 22:25
1,22.2,100318,2019-10-15 22:55
1,22.2,100317,2019-10-15 23:25
0,21.8,100298,2019-10-15 23:55
0,21.9,100304,2019-10-16 00:25
0,21.9,100263,2019-10-16 00:55
0,21.6,100262,2019-10-16 01:25
0,21.7,100254,2019-10-16 01:55
0,21.5,100258,2019-10-16 02:25
0,21.3,100251,2019-10-16 02:55
0,21.3,100216,2019-10-16 03:25
0,21.2,100221,2019-10-16 03:55
0,21.1,100200,2019-10-16 04:25
0,21.2,100171,2019-10-16 04:55
0,21.2,100150,2019-10-16 05:25
0,21.5,100122,2019-10-16 05:55
0,21.4,100125,2019-10-16 06:25
0,21.3,100118,2019-10-16 06:55
0,22.1,100120,2019-10-16 07:25
0,22.2,100165,2019-10-16 07:55
0,22.2,100147,2019-10-16 08:25
0,22.3,100167,2019-10-16 08:56
0,22.3,100162,2019-10-16 09:26
0,22.4,100159,2019-10-16 09:56
1,22.5,100127,2019-10-16 10:26
1,22.6,100148,2019-10-16 10:56
1,22.7,100123,2019-10-16 11:26
1,22.7,100109,2019-10-16 11:56
1,22.7,100117,2019-10-16 12:26
1,22.7,100115,2019-10-16 12:56
1,22.6,100126,2019-10-16 13:26
1,22.6,100133,2019-10-16 13:56
1,22.5,100152,2019-10-16 14:26
1,22.4,100155,2019-10-16 14:56
1,22.4,100153,2019-10-16 15:26
1,22.4,100164,2019-10-16 15:56
1,22.3,100178,2019-10-16 16:26
0,22.3,100179,2019-10-16 16:56
0,22.3,100193,2019-10-16 17:26
0,22.6,100205,2019-10-16 17:56
0,22.6,100206,2019-10-16 18:26
0,22.5,100236,2019-10-16 18:56
1,22.5,100244,2019-10-16 19:26
1,22.5,100242,2019-10-16 19:56
1,22.5,100297,2019-10-16 20:26
1,22.6,100319,2019-10-16 20:56
0,22.4,100332,2019-10-16 21:26
0,22.3,100355,2019-10-16 21:56
0,22.2,100384,2019-10-16 22:26
0,22.3,100394,2019-10-16 22:56
0,22.3,100400,2019-10-16 23:26
0,22.3,100424,2019-10-16 23:56
0,22.3,100454,2019-10-17 00:26
0,22.2,100471,2019-10-17 00:56
0,22.2,100477,2019-10-17 01:27
0,22.0,100500,2019-10-17 01:57
0,22.0,100503,2019-10-17 02:27
0,21.8,100521,2019-10-17 02:57
0,21.7,100512,2019-10-17 03:27
0,21.2,100522,2019-10-17 03:57
0,21.2,100523,2019-10-17 04:27
0,21.1,100508,2019-10-17 04:57
0,21.0,100520,2019-10-17 05:27
0,20.9,100517,2019-10-17 05:57
0,20.8,100523,2019-10-17 06:27
0,21.7,100519,2019-10-17 06:57
0,21.9,100525,2019-10-17 07:27
1,22.0,100542,2019-10-17 07:57
1,22.1,100554,2019-10-17 08:27
1,22.2,100548,2019-10-17 08:57
1,22.3,100536,2019-10-17 09:27
1,22.3,100539,2019-10-17 09:57
1,22.4,100553,2019-10-17 10:27
1,22.5,100559,2019-10-17 10:57
1,22.5,100552,2019-10-17 11:27
0,22.5,100547,2019-10-17 11:57
0,22.6,100547,2019-10-17 12:27
0,22.6,100553,2019-10-17 12:57
0,22.5,100547,2019-10-17 13:27
0,22.6,100558,2019-10-17 13:57
0,22.6,100579,2019-10-17 14:27
0,22.5,100582,2019-10-17 14:57
0,22.5,100620,2019-10-17 15:27
0,22.5,100619,2019-10-17 15:57
0,22.4,100631,2019-10-17 16:27
0,22.4,100666,2019-10-17 16:57
0,22.4,100682,2019-10-17 17:04
0,22.4,100678,2019-10-17 17:34
0,22.4,100693,2019-10-17 18:04
0,22.5,100723,2019-10-17 18:34
0,22.5,100731,2019-10-17 19:04
0,22.6,100722,2019-10-17 19:34
0,22.6,100758,2019-10-17 20:04
0,22.6,100761,2019-10-17 20:34
0,22.6,100778,2019-10-17 21:04
0,20.3,100783,2019-10-17 21:34
0,19.9,100809,2019-10-17 22:05
0,19.7,100793,2019-10-17 22:35
0,19.5,100797,2019-10-17 23:05
0,19.2,100799,2019-10-17 23:35
0,19.2,100805,2019-10-18 00:05
0,19.0,100794,2019-10-18 00:35
0,18.9,100786,2019-10-18 01:05
0,18.9,100771,2019-10-18 01:35
0,19.0,100740,2019-10-18 02:05
0,18.9,100738,2019-10-18 02:35
0,18.8,100710,2019-10-18 03:05
0,18.8,100699,2019-10-18 03:35
1,18.8,100680,2019-10-18 04:05
1,18.7,100663,2019-10-18 04:35
1,18.9,100622,2019-10-18 05:05
1,20.5,100573,2019-10-18 05:35
1,21.1,100550,2019-10-18 06:05
1,21.2,100532,2019-10-18 06:35
0,21.6,100499,2019-10-18 07:05
0,21.9,100516,2019-10-18 07:35
0,22.1,100489,2019-10-18 08:05
1,22.2,100487,2019-10-18 08:35
0,22.3,100474,2019-10-18 09:05
0,22.3,100468,2019-10-18 09:35
1,22.3,100465,2019-10-18 10:05
1,22.5,100453,2019-10-18 10:35
0,22.8,100431,2019-10-18 11:05
0,22.5,100409,2019-10-18 11:35
1,23.0,100389,2019-10-18 12:05
0,23.1,100339,2019-10-18 12:35
0,23.1,100339,2019-10-18 13:05
0,23.5,100293,2019-10-18 13:35
0,23.7,100258,2019-10-18 14:05
0,23.6,100234,2019-10-18 14:36
0,23.5,100189,2019-10-18 15:06
0,23.3,100151,2019-10-18 15:36
0,23.4,100125,2019-10-18 16:06
0,23.1,100125,2019-10-18 16:36
0,22.9,100127,2019-10-18 17:06
0,22.8,100061,2019-10-18 17:36
0,22.8,100012,2019-10-18 18:06
0,22.7,100015,2019-10-18 18:36
0,22.7,99908,2019-10-18 19:06
0,22.7,99914,2019-10-18 19:36
0,22.7,100082,2019-10-18 20:06
1,22.7,100009,2019-10-18 20:36
1,22.6,100008,2019-10-18 21:06
1,22.6,100088,2019-10-18 21:36
1,20.3,100115,2019-10-18 22:06
0,19.8,100151,2019-10-18 22:36
0,19.7,100188,2019-10-18 23:06
0,19.4,100197,2019-10-18 23:36
0,19.5,100200,2019-10-19 00:06
0,19.3,100212,2019-10-19 00:36
0,19.1,100224,2019-10-19 01:06
0,18.9,100251,2019-10-19 01:36
0,19.0,100254,2019-10-19 02:06
0,19.1,100251,2019-10-19 02:36
0,18.7,100263,2019-10-19 03:06
0,18.7,100263,2019-10-19 03:36
0,18.5,100295,2019-10-19 04:06
0,18.6,100319,2019-10-19 04:36
0,18.4,100337,2019-10-19 05:06
0,18.4,100340,2019-10-19 05:36
0,18.5,100350,2019-10-19 06:06
0,20.4,100323,2019-10-19 06:37
0,20.7,100369,2019-10-19 07:07
1,21.0,100360,2019-10-19 07:37
1,21.3,100390,2019-10-19 08:07
1,21.5,100399,2019-10-19 08:37
1,22.1,100403,2019-10-19 09:07
1,22.6,100423,2019-10-19 09:37
1,22.7,100437,2019-10-19 10:07
1,24.2,100416,2019-10-19 10:37
1,23.8,100403,2019-10-19 11:07
1,23.2,100418,2019-10-19 11:37
1,24.0,100399,2019-10-19 12:07
1,25.4,100417,2019-10-19 12:37
1,25.5,100427,2019-10-19 13:07
0,24.6,100398,2019-10-19 13:37
0,25.3,100395,2019-10-19 14:07
0,25.1,100388,2019-10-19 14:37
0,24.8,100418,2019-10-19 15:07
0,23.9,100423,2019-10-19 15:37
0,24.0,100385,2019-10-19 16:07
0,23.6,100404,2019-10-19 16:37
0,23.2,100416,2019-10-19 17:07
0,23.0,100431,2019-10-19 17:37
0,22.9,100419,2019-10-19 18:07
0,22.8,100425,2019-10-19 18:37
0,22.7,100385,2019-10-19 19:07
0,22.5,100396,2019-10-19 19:37
0,22.4,100394,2019-10-19 20:07
0,22.4,100403,2019-10-19 20:37
1,22.4,100405,2019-10-19 21:07
1,22.4,100405,2019-10-19 21:37
1,22.3,100384,2019-10-19 22:07
1,22.4,100382,2019-10-19 22:37
1,22.5,100373,2019-10-19 23:08
1,21.2,100402,2019-10-19 23:38
1,20.9,100414,2019-10-20 00:08
1,21.0,100426,2019-10-20 00:38
0,21.0,100417,2019-10-20 01:08
0,21.2,100410,2019-10-20 01:38
0,21.1,100417,2019-10-20 02:08
0,21.2,100411,2019-10-20 02:38
0,21.1,100423,2019-10-20 03:08
0,21.1,100443,2019-10-20 03:38
0,21.2,100459,2019-10-20 04:08
0,21.1,100474,2019-10-20 04:38
0,21.1,100530,2019-10-20 05:08
0,21.1,100496,2019-10-20 05:38
0,20.9,100541,2019-10-20 06:08
0,21.0,100535,2019-10-20 06:38
0,21.0,100559,2019-10-20 07:08
0,21.0,100574,2019-10-20 07:38
0,20.9,100607,2019-10-20 08:08
0,20.9,100649,2019-10-20 08:38
0,21.1,100736,2019-10-20 09:08
0,21.1,100743,2019-10-20 09:38
0,22.5,100768,2019-10-20 10:08
0,22.9,100739,2019-10-20 10:38
0,22.8,100767,2019-10-20 11:08
0,23.0,100760,2019-10-20 11:38
0,23.0,100806,2019-10-20 12:08
0,23.3,100811,2019-10-20 12:38
0,23.6,100816,2019-10-20 13:08
0,23.6,100815,2019-10-20 13:38
0,23.6,100864,2019-10-20 14:08
0,23.6,100876,2019-10-20 14:38
0,23.5,100881,2019-10-20 15:09
0,23.4,100896,2019-10-20 15:39
0,23.2,100913,2019-10-20 16:09
0,23.0,100929,2019-10-20 16:39
0,22.8,100957,2019-10-20 17:09
0,22.8,100968,2019-10-20 17:39
0,22.8,100998,2019-10-20 18:09
0,22.9,101045,2019-10-20 18:39
0,22.9,101048,2019-10-20 19:09
0,22.8,101105,2019-10-20 19:39
0,22.7,101110,2019-10-20 20:09
0,22.7,101128,2019-10-20 20:39
0,22.7,101148,2019-10-20 21:09
0,22.4,101164,2019-10-20 21:39
0,22.4,101176,2019-10-20 22:09
0,22.3,101190,2019-10-20 22:39
0,22.3,101194,2019-10-20 23:09
0,22.2,101203,2019-10-20 23:39
0,22.2,101229,2019-10-21 00:09
0,22.2,101256,2019-10-21 00:39
0,22.1,101289,2019-10-21 01:09
0,22.1,101340,2019-10-21 01:39
0,22.1,101346,2019-10-21 02:09
0,22.0,101349,2019-10-21 02:39
1,21.9,101363,2019-10-21 03:09
1,21.9,101358,2019-10-21 03:39
1,21.8,101373,2019-10-21 04:09
1,21.8,101399,2019-10-21 04:39
1,21.8,101375,2019-10-21 05:09
1,21.7,101423,2019-10-21 05:39
1,21.6,101461,2019-10-21 06:09
1,21.6,101422,2019-10-21 06:39
1,22.1,101471,2019-10-21 07:09
1,22.2,101483,2019-10-21 07:40
1,22.2,101565,2019-10-21 08:10
1,22.3,101588,2019-10-21 08:40
0,22.3,101582,2019-10-21 09:10
0,22.3,101619,2019-10-21 09:40
0,22.4,101626,2019-10-21 10:10
0,22.5,101643,2019-10-21 10:40
0,24.4,101586,2019-10-21 11:10
0,23.1,101667,2019-10-21 11:40
0,23.0,101650,2019-10-21 12:10
0,23.0,101624,2019-10-21 12:40
0,23.0,101557,2019-10-21 13:10
0,23.0,101538,2019-10-21 13:40
0,22.7,101614,2019-10-21 14:10
0,22.7,101563,2019-10-21 14:40
0,22.5,101554,2019-10-21 15:10
0,22.5,101539,2019-10-21 15:40
0,22.5,101445,2019-10-21 16:10
0,22.5,101507,2019-10-21 16:40
0,22.4,101540,2019-10-21 17:10
0,22.5,101552,2019-10-21 17:40
1,22.5,101563,2019-10-21 18:10
0,22.5,101528,2019-10-21 18:40
0,22.5,101498,2019-10-21 19:10
0,22.5,101520,2019-10-21 19:40
0,22.6,101542,2019-10-21 20:10
0,22.7,101530,2019-10-21 20:56
0,22.5,101540,2019-10-21 20:58
0,22.5,101531,2019-10-21 21:00
0,21.8,101505,2019-10-21 21:30
0,20.5,101523,2019-10-21 22:00
0,20.0,101545,2019-10-21 22:30
1,19.9,101549,2019-10-21 23:00
1,19.9,101566,2019-10-21 23:30
0,19.9,101576,2019-10-22 00:00
0,19.7,101555,2019-10-22 00:30
0,19.7,101559,2019-10-22 01:00
1,19.7,101565,2019-10-22 01:30
1,19.6,101580,2019-10-22 02:00
0,19.5,101555,2019-10-22 02:30
0,19.6,101551,2019-10-22 03:00
0,19.5,101561,2019-10-22 03:30
0,19.5,101541,2019-10-22 04:00
0,19.6,101560,2019-10-22 04:30
0,19.4,101540,2019-10-22 05:00
0,19.3,101517,2019-10-22 05:30
0,19.2,101526,2019-10-22 06:00
0,19.0,101519,2019-10-22 06:30
0,21.6,101549,2019-10-22 07:00
0,21.9,101555,2019-10-22 07:30
0,22.0,101585,2019-10-22 08:00
0,22.1,101622,2019-10-22 08:30
0,22.2,101598,2019-10-22 09:00
0,22.3,101628,2019-10-22 09:30
0,22.4,101646,2019-10-22 10:01
0,22.6,101678,2019-10-22 10:31
0,22.5,101682,2019-10-22 11:01
0,22.5,101648,2019-10-22 11:31
0,25.0,101634,2019-10-22 12:01
0,23.7,101661,2019-10-22 12:31
0,23.3,101645,2019-10-22 13:01
0,23.5,101630,2019-10-22 13:31
0,23.2,101634,2019-10-22 14:01
0,23.0,101631,2019-10-22 14:31
0,22.7,101634,2019-10-22 15:01
0,22.6,101636,2019-10-22 15:31
0,22.6,101651,2019-10-22 16:01
0,22.5,101640,2019-10-22 16:31
0,22.5,101631,2019-10-22 17:01
0,22.5,101645,2019-10-22 17:31
0,22.6,101675,2019-10-22 18:01
0,22.6,101685,2019-10-22 18:31
0,22.6,101691,2019-10-22 18:43
0,22.5,101725,2019-10-22 19:43
0,22.6,101747,2019-10-22 20:13
0,22.5,101748,2019-10-22 20:43
0,21.5,101757,2019-10-22 21:14
0,21.1,101771,2019-10-22 21:44
0,20.9,101777,2019-10-22 22:14
0,20.9,101790,2019-10-22 22:44
0,20.8,101807,2019-10-22 23:14
0,20.8,101798,2019-10-22 23:44
0,21.0,101780,2019-10-23 00:14
0,21.0,101787,2019-10-23 00:44
0,21.0,101816,2019-10-23 01:14
0,21.0,101802,2019-10-23 01:44
0,20.7,101792,2019-10-23 02:14
0,20.8,101793,2019-10-23 02:44
0,20.8,101777,2019-10-23 03:14
0,20.8,101765,2019-10-23 03:44
0,20.8,101759,2019-10-23 04:14
0,20.8,101724,2019-10-23 04:44
0,20.7,101727,2019-10-23 05:14
0,20.5,101750,2019-10-23 05:44
0,20.4,101748,2019-10-23 06:14
0,20.6,101732,2019-10-23 06:44
0,21.4,101766,2019-10-23 07:14
0,21.6,101758,2019-10-23 07:44
0,21.6,101769,2019-10-23 08:14
0,21.7,101759,2019-10-23 08:44
0,21.9,101760,2019-10-23 09:14
0,22.0,101774,2019-10-23 09:44
0,22.2,101742,2019-10-23 10:14
0,22.0,101742,2019-10-23 10:44
0,22.1,101757,2019-10-23 11:14
0,22.2,101737,2019-10-23 11:44
0,22.5,101721,2019-10-23 12:14
0,22.9,101719,2019-10-23 12:44
0,23.2,101661,2019-10-23 13:15
0,23.6,101618,2019-10-23 13:45
0,23.0,101592,2019-10-23 14:15
0,23.0,101564,2019-10-23 14:45
0,22.7,101537,2019-10-23 15:15
0,22.5,101527,2019-10-23 15:45
0,22.4,101518,2019-10-23 16:15
0,22.4,101518,2019-10-23 16:45
0,22.4,101521,2019-10-23 17:15
0,22.3,101511,2019-10-23 17:45
0,22.3,101500,2019-10-23 18:15
0,22.2,101483,2019-10-23 18:45
0,22.1,101454,2019-10-23 19:15
0,22.1,101418,2019-10-23 19:45
0,22.1,101418,2019-10-23 20:15
0,22.1,101380,2019-10-23 20:45
0,22.0,101364,2019-10-23 21:15
0,21.8,101333,2019-10-23 21:45
0,21.7,101343,2019-10-23 22:15
0,21.5,101298,2019-10-23 22:45
0,21.4,101286,2019-10-23 23:15
0,21.4,101251,2019-10-23 23:45
0,21.3,101239,2019-10-24 00:15
0,21.3,101189,2019-10-24 00:45
0,21.2,101183,2019-10-24 01:15
0,21.1,101142,2019-10-24 01:45
0,21.1,101107,2019-10-24 02:15
0,20.9,101079,2019-10-24 02:45
0,21.0,101056,2019-10-24 03:15
0,20.9,101048,2019-10-24 03:45
0,20.9,100970,2019-10-24 04:15
0,20.8,101001,2019-10-24 04:46
0,20.8,100983,2019-10-24 05:16
0,20.9,100955,2019-10-24 05:46
0,21.0,100917,2019-10-24 06:16
0,21.6,100967,2019-10-24 06:46
0,21.6,100937,2019-10-24 07:16
0,21.7,100914,2019-10-24 07:46
0,21.9,100853,2019-10-24 08:16
0,22.0,100840,2019-10-24 08:46
0,22.1,100816,2019-10-24 09:16
0,22.3,100754,2019-10-24 09:46
0,22.2,100762,2019-10-24 10:16
0,22.2,100763,2019-10-24 10:46
0,22.1,100761,2019-10-24 11:16
0,22.1,100741,2019-10-24 11:46
0,22.2,100716,2019-10-24 12:16
0,22.1,100678,2019-10-24 12:46
0,22.0,100617,2019-10-24 13:16
0,22.0,100596,2019-10-24 13:46
0,22.0,100597,2019-10-24 14:16
0,21.9,100551,2019-10-24 14:46
0,21.9,100541,2019-10-24 15:16
0,21.8,100531,2019-10-24 15:46
1,22.0,100572,2019-10-24 16:16
1,22.0,100578,2019-10-24 16:46
1,22.1,100613,2019-10-24 17:16
1,22.3,100571,2019-10-24 17:46
1,22.3,100509,2019-10-24 18:16
1,22.2,100468,2019-10-24 18:46
1,22.2,100486,2019-10-24 19:16
1,22.2,100496,2019-10-24 19:46
1,22.2,100525,2019-10-24 20:16
1,22.2,100497,2019-10-24 20:47
1,21.0,100493,2019-10-24 21:17
1,20.6,100516,2019-10-24 21:47
1,20.0,100506,2019-10-24 22:17
1,20.2,100503,2019-10-24 22:47
1,20.1,100499,2019-10-24 23:17
1,20.1,100514,2019-10-24 23:47
1,19.9,100538,2019-10-25 00:17
1,19.9,100536,2019-10-25 00:47
1,19.8,100553,2019-10-25 01:17
1,19.8,100552,2019-10-25 01:47
0,19.8,100526,2019-10-25 02:17
0,19.6,100531,2019-10-25 02:47
1,19.7,100537,2019-10-25 03:17
1,19.5,100536,2019-10-25 03:47
1,19.4,100549,2019-10-25 04:17
1,19.5,100568,2019-10-25 04:47
1,19.5,100580,2019-10-25 05:17
1,19.3,100592,2019-10-25 05:47
0,19.5,100618,2019-10-25 06:17
0,20.2,100649,2019-10-25 06:47
0,21.5,100685,2019-10-25 07:17
0,21.7,100709,2019-10-25 07:47
0,21.8,100760,2019-10-25 08:17
0,21.9,100797,2019-10-25 08:47
0,22.1,100833,2019-10-25 09:17
0,22.5,100834,2019-10-25 09:47
0,23.1,100889,2019-10-25 10:17
0,23.5,100899,2019-10-25 10:47
0,23.1,100949,2019-10-25 11:17
0,24.2,100943,2019-10-25 11:47
0,24.6,100969,2019-10-25 12:18
0,24.9,100997,2019-10-25 12:48
0,24.3,101007,2019-10-25 13:18
0,23.8,101019,2019-10-25 13:48
0,23.5,101085,2019-10-25 14:18
0,23.4,101098,2019-10-25 14:48
0,23.3,101109,2019-10-25 15:18
0,23.1,101153,2019-10-25 15:48
0,22.7,101179,2019-10-25 16:18
0,22.7,101219,2019-10-25 16:48
0,22.6,101220,2019-10-25 17:18
0,22.9,101239,2019-10-25 17:48
0,22.8,101234,2019-10-25 18:18
0,22.8,101266,2019-10-25 18:48
0,22.6,101245,2019-10-25 19:18
0,22.6,101251,2019-10-25 19:48
0,22.5,101237,2019-10-25 20:18
0,22.5,101208,2019-10-25 20:48
0,22.5,101189,2019-10-25 21:18
0,22.4,101171,2019-10-25 21:48
0,22.4,101140,2019-10-25 22:18
1,22.4,101072,2019-10-25 22:48
1,21.0,100998,2019-10-25 23:18
1,20.0,100945,2019-10-25 23:48
1,19.7,100932,2019-10-26 00:18
1,19.2,100828,2019-10-26 00:48
1,19.4,100770,2019-10-26 01:18
1,19.4,100703,2019-10-26 01:48
1,18.8,100655,2019-10-26 02:18
1,18.9,100626,2019-10-26 02:48
1,19.0,100596,2019-10-26 03:18
1,18.9,100547,2019-10-26 03:48
1,18.8,100503,2019-10-26 04:19
1,18.6,100481,2019-10-26 04:49
0,19.0,100454,2019-10-26 05:19
0,18.9,100439,2019-10-26 05:49
0,19.1,100424,2019-10-26 06:19
0,19.0,100414,2019-10-26 06:49
0,18.9,100405,2019-10-26 07:19
0,19.0,100409,2019-10-26 07:49
0,19.2,100392,2019-10-26 08:19
0,19.3,100382,2019-10-26 08:49
0,21.5,100392,2019-10-26 09:19
0,21.7,100412,2019-10-26 09:49
0,21.9,100407,2019-10-26 10:19
0,21.9,100422,2019-10-26 10:49
0,22.0,100437,2019-10-26 11:19
0,22.1,100412,2019-10-26 11:49
0,22.0,100391,2019-10-26 12:19
0,22.1,100408,2019-10-26 12:49
0,22.1,100362,2019-10-26 13:19
0,22.2,100372,2019-10-26 13:49
0,22.1,100361,2019-10-26 14:19
0,22.2,100384,2019-10-26 14:49
0,22.2,100337,2019-10-26 15:19
0,22.2,100310,2019-10-26 15:49
0,22.2,100308,2019-10-26 16:19
0,22.2,100299,2019-10-26 16:49
0,22.2,100310,2019-10-26 17:19
0,22.2,100293,2019-10-26 17:49
0,22.3,100292,2019-10-26 18:19
1,22.3,100272,2019-10-26 18:49
1,22.3,100262,2019-10-26 19:19
1,22.3,100245,2019-10-26 19:50
1,22.3,100238,2019-10-26 20:20
1,22.3,100188,2019-10-26 20:50
1,22.3,100154,2019-10-26 21:20
1,22.3,100145,2019-10-26 21:50
1,22.3,100110,2019-10-26 22:20
1,22.3,100076,2019-10-26 22:50
0,22.3,100040,2019-10-26 23:20
0,22.3,100021,2019-10-26 23:50
1,22.3,99984,2019-10-27 00:20
1,22.3,99968,2019-10-27 00:50
1,22.3,99931,2019-10-27 01:20
1,22.3,99876,2019-10-27 01:50
1,22.2,99828,2019-10-27 01:20
1,22.2,99779,2019-10-27 01:50
1,22.2,99740,2019-10-27 02:20
1,22.2,99729,2019-10-27 02:50
1,22.2,99727,2019-10-27 03:20
1,22.2,99812,2019-10-27 03:50
1,22.2,99914,2019-10-27 04:20
1,22.1,100013,2019-10-27 04:50
1,21.9,100024,2019-10-27 05:20
1,21.8,100088,2019-10-27 05:50
1,21.7,100180,2019-10-27 06:20
0,21.8,100251,2019-10-27 06:50
0,21.8,100304,2019-10-27 07:20
0,23.9,100345,2019-10-27 07:50
0,24.6,100371,2019-10-27 08:20
0,24.6,100419,2019-10-27 08:50
0,25.2,100480,2019-10-27 09:20
0,25.9,100541,2019-10-27 09:50
0,25.9,100589,2019-10-27 10:20
0,25.2,100628,2019-10-27 10:51
0,24.7,100648,2019-10-27 11:21
0,24.0,100682,2019-10-27 11:51
0,23.9,100694,2019-10-27 12:21
0,25.0,100711,2019-10-27 12:51
0,24.1,100734,2019-10-27 13:21
0,23.8,100768,2019-10-27 13:51
0,23.6,100771,2019-10-27 14:21
0,23.4,100788,2019-10-27 14:51
0,23.0,100784,2019-10-27 15:21
0,22.8,100794,2019-10-27 15:51
0,22.7,100822,2019-10-27 16:21
0,22.6,100829,2019-10-27 16:51
0,22.5,100830,2019-10-27 17:21
0,22.5,100822,2019-10-27 17:51
0,22.3,100807,2019-10-27 18:21
0,22.3,100806,2019-10-27 18:51
0,22.2,100807,2019-10-27 19:21
0,22.1,100774,2019-10-27 19:51
0,22.1,100774,2019-10-27 20:21
0,20.7,100746,2019-10-27 20:51
0,20.2,100733,2019-10-27 21:21
0,19.8,100700,2019-10-27 21:51
0,19.7,100693,2019-10-27 22:21
0,19.6,100688,2019-10-27 22:51
0,19.7,100666,2019-10-27 23:21
0,19.4,100666,2019-10-27 23:51
0,19.9,100642,2019-10-28 00:21
0,19.6,100630,2019-10-28 00:51
0,19.9,100650,2019-10-28 01:21
0,19.8,100626,2019-10-28 01:51
0,20.4,100640,2019-10-28 02:22
0,20.2,100657,2019-10-28 02:52
0,20.2,100696,2019-10-28 03:22
0,20.2,100735,2019-10-28 03:52
0,20.2,100754,2019-10-28 04:22
0,20.1,100802,2019-10-28 04:52
0,19.5,100866,2019-10-28 05:22
0,19.1,100946,2019-10-28 05:52
0,18.8,101008,2019-10-28 06:22
1,19.2,101095,2019-10-28 06:52
0,20.9,101131,2019-10-28 07:22
0,23.5,101154,2019-10-28 07:52
0,24.9,101168,2019-10-28 08:22
0,26.0,101197,2019-10-28 08:52
0,26.8,101244,2019-10-28 09:22
0,27.1,101271,2019-10-28 09:52
0,27.3,101307,2019-10-28 10:22
0,27.9,101326,2019-10-28 10:52
0,27.9,101313,2019-10-28 11:22
0,26.2,101350,2019-10-28 11:52
0,26.0,101338,2019-10-28 12:22
0,26.3,101318,2019-10-28 12:52
0,26.0,101332,2019-10-28 13:22
0,25.6,101350,2019-10-28 13:52
0,24.6,101367,2019-10-28 14:22
0,24.2,101363,2019-10-28 14:52
0,23.6,101355,2019-10-28 15:22
0,23.1,101360,2019-10-28 15:52
0,22.8,101390,2019-10-28 16:22
0,22.4,101432,2019-10-28 16:52
0,22.4,101452,2019-10-28 17:22
1,22.5,101449,2019-10-28 17:52
1,22.3,101466,2019-10-28 18:23
1,22.1,101491,2019-10-28 18:53
0,22.0,101511,2019-10-28 19:23
0,22.0,101547,2019-10-28 19:53
0,22.0,101554,2019-10-28 20:23
0,21.9,101567,2019-10-28 20:53
0,21.1,101581,2019-10-28 21:23
0,19.0,101612,2019-10-28 21:53
0,18.8,101641,2019-10-28 22:23
0,18.5,101669,2019-10-28 22:53
0,18.3,101686,2019-10-28 23:23
0,17.8,101709,2019-10-28 23:53
0,17.7,101738,2019-10-29 00:23
0,17.4,101752,2019-10-29 00:53
0,17.4,101785,2019-10-29 01:23
0,17.2,101795,2019-10-29 01:53
0,17.1,101824,2019-10-29 02:23
0,17.0,101846,2019-10-29 02:53
0,17.0,101871,2019-10-29 03:23
0,16.8,101911,2019-10-29 03:53
0,16.8,101937,2019-10-29 04:23
0,16.7,101958,2019-10-29 04:53
0,16.7,101963,2019-10-29 05:23
0,16.6,102003,2019-10-29 05:53
0,16.5,102046,2019-10-29 06:23
0,18.1,102070,2019-10-29 06:53
0,19.7,102088,2019-10-29 07:23
0,22.2,102065,2019-10-29 07:53
0,24.2,102087,2019-10-29 08:23
0,25.2,102123,2019-10-29 08:53
0,26.1,102152,2019-10-29 09:23
0,26.9,102178,2019-10-29 09:54
0,27.4,102189,2019-10-29 10:24
0,27.8,102204,2019-10-29 10:54
0,27.9,102211,2019-10-29 11:24
0,28.0,102235,2019-10-29 11:54
0,27.9,102252,2019-10-29 12:24
0,27.5,102257,2019-10-29 12:54
0,27.0,102279,2019-10-29 13:24
0,26.4,102309,2019-10-29 13:54
0,25.7,102321,2019-10-29 14:24
0,25.0,102360,2019-10-29 14:54
0,24.2,102389,2019-10-29 15:24
0,23.2,102430,2019-10-29 15:54
0,22.7,102469,2019-10-29 16:24
0,22.4,102482,2019-10-29 16:54
0,22.2,102507,2019-10-29 17:24
0,22.0,102528,2019-10-29 17:54
0,21.9,102533,2019-10-29 18:24
0,17.8,102636,2019-10-29 20:20
0,21.0,102633,2019-10-29 20:50
0,19.6,102703,2019-10-29 21:20
0,17.9,102682,2019-10-29 21:50
0,17.5,102707,2019-10-29 22:20
0,17.2,102696,2019-10-29 22:50
0,17.1,102704,2019-10-29 23:20
0,16.8,102713,2019-10-29 23:50
0,16.9,102715,2019-10-30 00:20
0,16.6,102718,2019-10-30 00:50
0,16.5,102713,2019-10-30 01:20
0,16.4,102713,2019-10-30 01:50
0,16.3,102725,2019-10-30 02:20
0,16.2,102727,2019-10-30 02:50
0,16.2,102724,2019-10-30 03:20
0,16.1,102712,2019-10-30 03:50
0,16.0,102701,2019-10-30 04:20
0,15.9,102684,2019-10-30 04:50
0,15.9,102700,2019-10-30 05:20
0,16.5,102681,2019-10-30 05:50
0,17.8,102701,2019-10-30 06:20
0,18.2,102731,2019-10-30 06:50
0,19.7,102741,2019-10-30 07:20
0,21.3,102701,2019-10-30 07:50
0,23.2,102714,2019-10-30 08:20
0,24.8,102714,2019-10-30 08:50
0,25.9,102728,2019-10-30 09:20
0,26.5,102713,2019-10-30 09:50
0,26.8,102714,2019-10-30 10:20
0,27.2,102690,2019-10-30 10:50
0,27.3,102696,2019-10-30 11:21
0,27.3,102671,2019-10-30 11:51
0,27.0,102644,2019-10-30 12:21
0,26.4,102651,2019-10-30 12:51
0,25.9,102627,2019-10-30 13:21
0,25.8,102619,2019-10-30 13:51
0,25.2,102590,2019-10-30 14:21
0,24.3,102588,2019-10-30 14:51
0,23.6,102574,2019-10-30 15:21
0,22.9,102560,2019-10-30 15:51
0,22.5,102535,2019-10-30 16:21
0,22.2,102538,2019-10-30 16:51
0,21.8,102549,2019-10-30 17:21
0,21.9,102537,2019-10-30 17:51
0,21.9,102502,2019-10-30 18:21
0,21.8,102478,2019-10-30 18:51
0,21.7,102480,2019-10-30 19:21
0,21.5,102479,2019-10-30 19:51
0,21.5,102474,2019-10-30 20:21
0,21.5,102455,2019-10-30 20:51
0,20.7,102444,2019-10-30 21:21
0,19.9,102414,2019-10-30 21:51
0,19.1,102398,2019-10-30 22:21
0,19.2,102390,2019-10-30 22:51
0,19.1,102360,2019-10-30 23:21
0,19.0,102356,2019-10-30 23:51
0,18.9,102352,2019-10-31 00:21
0,18.7,102345,2019-10-31 00:51
0,18.7,102314,2019-10-31 01:21
0,18.6,102305,2019-10-31 01:51
0,18.5,102282,2019-10-31 02:21
0,18.4,102255,2019-10-31 02:52
0,18.2,102249,2019-10-31 03:22
0,18.3,102232,2019-10-31 03:52
0,18.2,102222,2019-10-31 04:22
0,18.2,102209,2019-10-31 04:52
0,18.0,102198,2019-10-31 05:22
0,18.5,102190,2019-10-31 05:52
0,18.7,102199,2019-10-31 06:22
0,19.4,102191,2019-10-31 06:52
0,20.5,102195,2019-10-31 07:22
0,20.8,102195,2019-10-31 07:52
0,20.7,102206,2019-10-31 08:22
0,21.0,102195,2019-10-31 08:52
0,21.0,102201,2019-10-31 09:22
0,21.2,102205,2019-10-31 09:52
0,21.2,102192,2019-10-31 10:22
0,21.8,102139,2019-10-31 10:52
0,24.5,102095,2019-10-31 11:22
0,23.7,102091,2019-10-31 11:52
0,23.1,102093,2019-10-31 12:22
0,22.7,102098,2019-10-31 12:52
0,22.8,102093,2019-10-31 13:22
0,22.5,102076,2019-10-31 13:52
0,22.0,102082,2019-10-31 14:22
0,21.6,102083,2019-10-31 14:52
0,21.3,102067,2019-10-31 15:22
0,21.1,102078,2019-10-31 15:52
0,21.2,102099,2019-10-31 16:22
0,21.2,102081,2019-10-31 16:52
0,21.0,102086,2019-10-31 17:22
0,20.9,102088,2019-10-31 17:52
0,20.9,102082,2019-10-31 18:22
0,20.9,102072,2019-10-31 18:53
0,20.9,102055,2019-10-31 19:23
0,20.8,102054,2019-10-31 19:53
0,20.8,102020,2019-10-31 20:23
0,20.7,102007,2019-10-31 20:53
0,20.5,101991,2019-10-31 21:23
0,19.1,101994,2019-10-31 21:53
0,18.6,101966,2019-10-31 22:23
0,18.4,101955,2019-10-31 22:53
0,18.2,101941,2019-10-31 23:23
0,18.0,101920,2019-10-31 23:53
0,17.9,101908,2019-11-01 00:23
0,17.9,101875,2019-11-01 00:53
0,17.8,101847,2019-11-01 01:23
0,17.7,101806,2019-11-01 01:53
0,17.6,101782,2019-11-01 02:23
0,17.5,101759,2019-11-01 02:53
0,17.3,101729,2019-11-01 03:23
0,17.2,101712,2019-11-01 03:53
0,17.2,101664,2019-11-01 04:23
0,17.1,101625,2019-11-01 04:53
0,17.1,101599,2019-11-01 05:23
0,16.9,101572,2019-11-01 05:53
0,17.0,101544,2019-11-01 06:23
0,19.1,101519,2019-11-01 06:53
0,20.3,101486,2019-11-01 07:23
0,20.6,101444,2019-11-01 07:53
0,21.3,101410,2019-11-01 08:23
0,21.6,101345,2019-11-01 08:53
0,22.4,101297,2019-11-01 09:23
0,22.9,101247,2019-11-01 09:53
0,23.4,101179,2019-11-01 10:24
0,22.9,101107,2019-11-01 10:54
0,22.6,101035,2019-11-01 11:24
0,22.5,100961,2019-11-01 11:54
0,22.6,100905,2019-11-01 12:24
0,22.4,100815,2019-11-01 12:54
0,22.1,100762,2019-11-01 13:24
0,21.8,100670,2019-11-01 13:54
0,21.4,100583,2019-11-01 14:24
0,21.0,100531,2019-11-01 14:54
0,21.0,100461,2019-11-01 15:24
0,20.9,100403,2019-11-01 15:54
0,20.9,100350,2019-11-01 16:24
0,20.7,100288,2019-11-01 16:54
0,20.6,100237,2019-11-01 17:24
0,20.6,100170,2019-11-01 17:54
0,20.5,100095,2019-11-01 18:24
0,20.5,100037,2019-11-01 18:54
0,20.5,99980,2019-11-01 19:24
0,20.4,99949,2019-11-01 19:54
0,20.4,99905,2019-11-01 20:24
0,20.4,99852,2019-11-01 20:54
1,20.2,99778,2019-11-01 21:24
1,20.2,99715,2019-11-01 21:54
1,20.3,99651,2019-11-01 22:24
0,20.1,99594,2019-11-01 22:54
0,20.2,99547,2019-11-01 23:24
0,20.1,99482,2019-11-01 23:54
0,20.0,99431,2019-11-02 00:24
0,20.1,99377,2019-11-02 00:54
0,20.1,99326,2019-11-02 01:24
0,20.1,99262,2019-11-02 01:55
0,20.1,99212,2019-11-02 02:25
0,20.1,99162,2019-11-02 02:55
0,20.1,99120,2019-11-02 03:25
0,20.0,99088,2019-11-02 03:55
0,20.1,99058,2019-11-02 04:25
1,20.1,99005,2019-11-02 04:55
1,20.1,98959,2019-11-02 05:25
1,20.1,98943,2019-11-02 05:55
1,20.1,98913,2019-11-02 06:25
1,20.1,98891,2019-11-02 06:55
0,20.1,98859,2019-11-02 07:25
0,20.2,98842,2019-11-02 07:55
0,20.3,98817,2019-11-02 08:25
0,20.4,98790,2019-11-02 08:55
1,20.5,98761,2019-11-02 09:25
1,20.5,98742,2019-11-02 09:55
0,20.6,98718,2019-11-02 10:25
0,20.7,98687,2019-11-02 10:55
0,20.7,98672,2019-11-02 11:25
0,20.7,98635,2019-11-02 11:55
1,20.7,98602,2019-11-02 12:25
1,20.6,98576,2019-11-02 12:55
1,20.6,98566,2019-11-02 13:25
1,20.6,98564,2019-11-02 13:55
1,20.6,98540,2019-11-02 14:25
1,20.5,98510,2019-11-02 14:55
1,20.5,98512,2019-11-02 15:25
1,20.5,98495,2019-11-02 15:55
1,20.5,98506,2019-11-02 16:25
1,20.7,98495,2019-11-02 16:55
1,20.7,98513,2019-11-02 17:26
1,20.8,98503,2019-11-02 17:56
1,21.0,98526,2019-11-02 18:26
1,21.0,98517,2019-11-02 18:56
1,21.3,98581,2019-11-02 19:26
1,21.6,98577,2019-11-02 19:56
1,21.5,98600,2019-11-02 20:26
1,21.5,98615,2019-11-02 20:56
1,21.6,98622,2019-11-02 21:26
1,21.6,98644,2019-11-02 21:56
1,21.6,98637,2019-11-02 22:26
1,21.1,98631,2019-11-02 22:56
1,21.0,98615,2019-11-02 23:26
1,20.9,98617,2019-11-02 23:56
1,20.9,98626,2019-11-03 00:26
1,20.9,98616,2019-11-03 00:56
1,20.7,98608,2019-11-03 01:26
1,20.7,98604,2019-11-03 01:56
1,20.7,98608,2019-11-03 02:26
1,20.6,98576,2019-11-03 02:56
1,20.5,98584,2019-11-03 03:26
1,20.6,98585,2019-11-03 03:56
1,20.6,98574,2019-11-03 04:26
1,20.7,98589,2019-11-03 04:56
1,20.7,98592,2019-11-03 05:26
1,20.7,98601,2019-11-03 05:56
1,20.7,98602,2019-11-03 06:26
1,20.7,98588,2019-11-03 06:56
1,20.8,98594,2019-11-03 07:26
1,20.9,98605,2019-11-03 07:56
1,20.9,98610,2019-11-03 08:26
1,20.4,98626,2019-11-03 08:56
1,21.7,98627,2019-11-03 09:27
1,21.9,98667,2019-11-03 09:57
1,21.8,98669,2019-11-03 10:27
0,21.9,98654,2019-11-03 10:57
0,22.0,98648,2019-11-03 11:27
0,22.0,98625,2019-11-03 11:57
0,22.1,98630,2019-11-03 12:27
0,22.4,98617,2019-11-03 12:57
0,22.4,98633,2019-11-03 13:27
0,22.4,98637,2019-11-03 13:57
0,22.4,98626,2019-11-03 14:27
0,22.3,98653,2019-11-03 14:57
0,21.8,98664,2019-11-03 15:27
0,22.0,98664,2019-11-03 15:57
0,22.1,98680,2019-11-03 16:27
0,21.9,98706,2019-11-03 16:57
0,22.0,98727,2019-11-03 17:27
0,22.2,98743,2019-11-03 17:57
0,22.1,98734,2019-11-03 18:27
0,22.3,98759,2019-11-03 18:57
0,22.2,98756,2019-11-03 19:27
0,22.2,98757,2019-11-03 19:57
0,22.2,98760,2019-11-03 20:27
0,22.3,98789,2019-11-03 20:57
0,21.7,98776,2019-11-03 21:27
0,21.6,98784,2019-11-03 21:57
0,19.7,98822,2019-11-03 22:27
0,19.4,98784,2019-11-03 22:57
0,19.3,98768,2019-11-03 23:27
0,19.2,98802,2019-11-03 23:57
0,18.9,98807,2019-11-04 00:27
0,18.9,98807,2019-11-04 00:58
0,18.7,98809,2019-11-04 01:28
0,18.7,98790,2019-11-04 01:58
0,18.9,98754,2019-11-04 02:28
0,18.8,98746,2019-11-04 02:58
0,18.7,98789,2019-11-04 03:28
0,18.8,98785,2019-11-04 03:58
0,18.7,98812,2019-11-04 04:28
0,18.8,98815,2019-11-04 04:58
0,18.5,98826,2019-11-04 05:28
0,18.2,98820,2019-11-04 05:58
0,18.2,98836,2019-11-04 06:28
0,20.8,98827,2019-11-04 06:58
0,21.3,98837,2019-11-04 07:28
0,21.2,98838,2019-11-04 07:58
0,21.4,98843,2019-11-04 08:28
0,21.4,98841,2019-11-04 08:58
0,21.5,98849,2019-11-04 09:28
0,21.5,98842,2019-11-04 09:58
0,21.6,98821,2019-11-04 10:28
0,21.7,98796,2019-11-04 10:58
0,21.7,98793,2019-11-04 11:28
0,21.8,98794,2019-11-04 11:58
0,21.8,98784,2019-11-04 12:28
0,21.8,98792,2019-11-04 12:58
0,21.7,98809,2019-11-04 13:28
0,21.6,98831,2019-11-04 13:58
0,21.6,98849,2019-11-04 14:28
0,21.5,98846,2019-11-04 14:58
0,21.5,98868,2019-11-04 15:28
0,21.5,98876,2019-11-04 15:58
1,21.2,98885,2019-11-04 16:29
1,21.5,98891,2019-11-04 16:59
1,21.4,98905,2019-11-04 17:29
1,21.6,98923,2019-11-04 17:59
1,21.8,98921,2019-11-04 18:29
1,21.5,98920,2019-11-04 18:59
0,21.6,98935,2019-11-04 19:29
0,21.6,98960,2019-11-04 19:59
1,21.8,98980,2019-11-04 20:29
1,21.7,98984,2019-11-04 20:59
1,21.0,98979,2019-11-04 21:29
1,21.0,98996,2019-11-04 21:59
1,20.8,99011,2019-11-04 22:29
1,20.6,99053,2019-11-04 22:59
1,20.3,99063,2019-11-04 23:29
1,20.0,99079,2019-11-04 23:59
1,19.9,99072,2019-11-05 00:29
1,19.8,99089,2019-11-05 00:59
0,19.7,99097,2019-11-05 01:29
0,19.6,99099,2019-11-05 01:59
0,19.6,99111,2019-11-05 02:29
0,19.5,99131,2019-11-05 02:59
0,19.3,99137,2019-11-05 03:29
0,19.2,99150,2019-11-05 03:59
1,19.2,99167,2019-11-05 04:29
1,19.2,99188,2019-11-05 04:59
1,19.1,99222,2019-11-05 05:29
0,19.9,99223,2019-11-05 05:59
0,20.0,99254,2019-11-05 06:29
0,20.3,99292,2019-11-05 06:59
0,20.6,99320,2019-11-05 07:29
0,20.7,99336,2019-11-05 08:00
0,20.8,99357,2019-11-05 08:30
0,20.9,99360,2019-11-05 09:00
0,21.0,99371,2019-11-05 09:30
0,21.2,99374,2019-11-05 10:00
0,21.4,99373,2019-11-05 10:30
0,21.4,99378,2019-11-05 11:00
0,21.4,99394,2019-11-05 11:30
0,21.3,99408,2019-11-05 12:00
0,21.2,99437,2019-11-05 12:30
1,21.1,99448,2019-11-05 13:00
1,21.1,99452,2019-11-05 13:30
1,21.0,99476,2019-11-05 14:00
1,20.9,99490,2019-11-05 14:30
1,20.8,99492,2019-11-05 15:00
1,20.7,99505,2019-11-05 15:30
1,20.8,99521,2019-11-05 16:00
1,20.3,99524,2019-11-05 16:30
0,20.7,99531,2019-11-05 17:00
0,20.6,99549,2019-11-05 17:30
0,20.6,99561,2019-11-05 18:00
1,20.5,99571,2019-11-05 18:30
1,20.5,99582,2019-11-05 19:00
1,20.9,99588,2019-11-05 19:30
1,20.9,99599,2019-11-05 20:00
1,20.9,99584,2019-11-05 20:30
1,20.8,99588,2019-11-05 21:00
1,20.0,99582,2019-11-05 21:30
1,19.9,99576,2019-11-05 22:00
1,19.7,99582,2019-11-05 22:30
1,19.6,99559,2019-11-05 23:00
1,19.6,99570,2019-11-05 23:31
1,19.5,99548,2019-11-06 00:01
1,19.4,99549,2019-11-06 00:31
1,19.4,99559,2019-11-06 01:01
1,19.2,99553,2019-11-06 01:31
1,19.3,99535,2019-11-06 02:01
1,19.2,99523,2019-11-06 02:31
0,19.3,99528,2019-11-06 03:01
0,19.2,99543,2019-11-06 03:31
0,19.3,99525,2019-11-06 04:01
0,19.3,99528,2019-11-06 04:31
0,19.2,99523,2019-11-06 05:01
0,19.4,99523,2019-11-06 05:31
0,19.4,99548,2019-11-06 06:01
0,19.4,99577,2019-11-06 06:31
0,20.2,99598,2019-11-06 07:01
0,20.4,99597,2019-11-06 07:31
0,20.4,99613,2019-11-06 08:01
0,20.5,99625,2019-11-06 08:31
0,20.8,99640,2019-11-06 09:01
0,20.8,99657,2019-11-06 09:31
0,21.1,99643,2019-11-06 10:01
0,21.7,99642,2019-11-06 10:31
0,21.5,99639,2019-11-06 11:01
0,22.1,99635,2019-11-06 11:31
0,22.0,99652,2019-11-06 12:01
0,21.9,99654,2019-11-06 12:31
0,21.8,99663,2019-11-06 13:01
0,21.6,99678,2019-11-06 13:31
0,21.9,99695,2019-11-06 14:01
0,21.5,99718,2019-11-06 14:31
0,21.5,99746,2019-11-06 15:02
0,21.3,99758,2019-11-06 15:32
0,21.2,99769,2019-11-06 16:02
0,21.0,99810,2019-11-06 16:32
0,21.0,99836,2019-11-06 17:02
0,21.2,99833,2019-11-06 17:32
0,21.2,99840,2019-11-06 18:02
0,21.1,99846,2019-11-06 18:32
0,21.1,99853,2019-11-06 19:02
0,21.0,99857,2019-11-06 19:32
0,20.9,99872,2019-11-06 20:02
0,20.6,99889,2019-11-06 20:32
0,20.6,99897,2019-11-06 21:02
0,20.2,99908,2019-11-06 21:32
0,20.0,99922,2019-11-06 22:02
0,19.8,99930,2019-11-06 22:32
0,17.1,99955,2019-11-06 23:02
0,16.7,99950,2019-11-06 23:32
0,16.5,99940,2019-11-07 00:02
0,16.3,99961,2019-11-07 00:32
0,16.4,99974,2019-11-07 01:02
0,16.2,99972,2019-11-07 01:32
0,16.0,99959,2019-11-07 02:02
0,16.1,99954,2019-11-07 02:32
0,15.7,99970,2019-11-07 03:02
0,15.8,99972,2019-11-07 03:32
0,15.8,99965,2019-11-07 04:02
0,15.7,99972,2019-11-07 04:32
0,15.5,99983,2019-11-07 05:02
0,15.5,99992,2019-11-07 05:32
0,15.6,100006,2019-11-07 06:02
0,15.4,100005,2019-11-07 06:32
0,18.5,100012,2019-11-07 07:03
0,19.5,100007,2019-11-07 07:33
0,19.7,100018,2019-11-07 08:03
0,20.1,100029,2019-11-07 08:33
0,20.3,100032,2019-11-07 09:03
0,20.3,100053,2019-11-07 09:33
0,20.2,100054,2019-11-07 10:03
0,20.4,100056,2019-11-07 10:33
0,20.5,100034,2019-11-07 11:03
1,20.5,100033,2019-11-07 11:33
1,20.9,100045,2019-11-07 12:03
1,21.9,100007,2019-11-07 12:33
1,21.6,100021,2019-11-07 13:03
0,21.3,100046,2019-11-07 13:33
0,21.5,100046,2019-11-07 14:03
0,21.3,100041,2019-11-07 14:33
0,21.2,100053,2019-11-07 15:03
0,21.1,100069,2019-11-07 15:33
0,20.9,100109,2019-11-07 16:03
0,20.9,100137,2019-11-07 16:33
0,21.0,100135,2019-11-07 17:03
0,21.2,100155,2019-11-07 17:33
0,21.1,100156,2019-11-07 18:03
0,21.1,100176,2019-11-07 18:33
0,20.9,100178,2019-11-07 19:03
0,21.2,100172,2019-11-07 19:33
0,21.1,100191,2019-11-07 20:03
0,21.2,100200,2019-11-07 20:33
0,21.1,100209,2019-11-07 21:03
0,20.4,100188,2019-11-07 21:33
0,18.5,100209,2019-11-07 22:03
0,18.1,100188,2019-11-07 22:34
0,18.2,100195,2019-11-07 23:04
0,19.9,100166,2019-11-07 23:34
0,19.9,100128,2019-11-08 00:04
0,19.9,100134,2019-11-08 00:34
0,20.2,100119,2019-11-08 01:04
0,20.0,100115,2019-11-08 01:34
0,20.1,100099,2019-11-08 02:04
0,20.1,100101,2019-11-08 02:34
0,20.1,100117,2019-11-08 03:04
0,20.2,100109,2019-11-08 03:34
0,20.1,100099,2019-11-08 04:04
0,20.2,100123,2019-11-08 04:34
0,20.1,100113,2019-11-08 05:04
0,20.3,100147,2019-11-08 05:34
0,20.3,100180,2019-11-08 06:04
0,20.2,100211,2019-11-08 06:34
0,21.1,100273,2019-11-08 07:04
0,21.4,100315,2019-11-08 07:34
0,21.5,100361,2019-11-08 08:04
0,21.5,100393,2019-11-08 08:34
0,21.7,100436,2019-11-08 09:04
0,22.3,100442,2019-11-08 09:34
0,24.1,100430,2019-11-08 10:04
0,26.0,100461,2019-11-08 10:34
0,24.1,100480,2019-11-08 11:04
0,23.2,100481,2019-11-08 11:34
0,23.4,100478,2019-11-08 12:04
0,23.6,100484,2019-11-08 12:34
0,23.2,100490,2019-11-08 13:04
0,22.5,100521,2019-11-08 13:34
0,22.4,100514,2019-11-08 14:05
0,22.3,100507,2019-11-08 14:35
0,21.9,100530,2019-11-08 15:05
0,21.8,100524,2019-11-08 15:35
0,21.8,100555,2019-11-08 16:05
0,21.7,100555,2019-11-08 16:35
0,21.5,100563,2019-11-08 17:05
0,21.5,100552,2019-11-08 17:35
0,15.7,100638,2019-11-08 18:05
0,13.2,100626,2019-11-08 18:35
0,14.4,100599,2019-11-08 19:05
0,12.6,100625,2019-11-08 19:35
0,12.6,100629,2019-11-08 20:05
0,15.0,100654,2019-11-08 20:35
0,13.3,100648,2019-11-08 21:05
0,19.2,100597,2019-11-08 21:35
0,20.3,100589,2019-11-08 22:05
0,20.6,100578,2019-11-08 22:35
0,20.3,100522,2019-11-08 23:05
0,19.7,100494,2019-11-08 23:35
0,19.8,100474,2019-11-09 00:05
0,19.7,100444,2019-11-09 00:35
0,19.8,100403,2019-11-09 01:05
0,19.8,100407,2019-11-09 01:35
0,19.9,100387,2019-11-09 02:05
0,19.7,100382,2019-11-09 02:35
0,19.8,100391,2019-11-09 03:05
0,19.9,100333,2019-11-09 03:35
0,19.8,100332,2019-11-09 04:05
0,19.9,100313,2019-11-09 04:35
0,19.8,100312,2019-11-09 05:05
0,19.8,100271,2019-11-09 05:36
0,19.8,100262,2019-11-09 06:06
0,17.4,100276,2019-11-09 06:36
1,17.2,100298,2019-11-09 07:06
1,17.1,100303,2019-11-09 07:36
1,17.0,100269,2019-11-09 08:06
1,17.0,100253,2019-11-09 08:36
1,19.4,100205,2019-11-09 09:06
1,20.4,100223,2019-11-09 09:36
1,20.9,100192,2019-11-09 10:06
1,20.9,100184,2019-11-09 10:36
1,21.1,100144,2019-11-09 11:06
1,21.3,100141,2019-11-09 11:36
1,21.3,100123,2019-11-09 12:06
1,21.3,100113,2019-11-09 12:36
1,21.2,100103,2019-11-09 13:06
1,21.2,100098,2019-11-09 13:36
0,21.1,100100,2019-11-09 14:06
1,21.0,100110,2019-11-09 14:36
1,21.0,100121,2019-11-09 15:06
1,21.1,100137,2019-11-09 15:36
0,21.0,100129,2019-11-09 16:06
0,21.1,100151,2019-11-09 16:36
0,21.3,100155,2019-11-09 17:06
1,21.2,100166,2019-11-09 17:36
1,21.2,100198,2019-11-09 18:06
0,21.2,100182,2019-11-09 18:36
1,21.3,100188,2019-11-09 19:06
1,21.3,100206,2019-11-09 19:36
0,21.1,100218,2019-11-09 20:06
0,21.2,100209,2019-11-09 20:36
0,21.3,100231,2019-11-09 21:06
0,21.3,100237,2019-11-09 21:37
0,21.1,100253,2019-11-09 22:07
0,21.1,100303,2019-11-09 22:37
0,18.2,100342,2019-11-09 23:07
0,17.8,100370,2019-11-09 23:37
0,17.9,100382,2019-11-10 00:07
0,18.0,100403,2019-11-10 00:37
0,17.8,100424,2019-11-10 01:07
0,17.7,100442,2019-11-10 01:37
0,17.6,100457,2019-11-10 02:07
0,17.6,100473,2019-11-10 02:37
0,17.6,100498,2019-11-10 03:07
0,17.7,100541,2019-11-10 03:37
0,17.6,100565,2019-11-10 04:07
0,17.6,100593,2019-11-10 04:37
0,17.6,100614,2019-11-10 05:07
0,17.5,100648,2019-11-10 05:37
0,17.5,100675,2019-11-10 06:07
0,17.5,100708,2019-11-10 06:37
0,17.4,100743,2019-11-10 07:07
0,17.3,100770,2019-11-10 07:37
0,18.4,100811,2019-11-10 08:07
0,20.2,100833,2019-11-10 08:37
0,20.5,100893,2019-11-10 09:07
0,22.4,100921,2019-11-10 09:37
0,23.3,100904,2019-11-10 10:07
0,24.3,100897,2019-11-10 10:37
0,23.6,100910,2019-11-10 11:07
0,24.2,100919,2019-11-10 11:37
0,25.9,100912,2019-11-10 12:07
0,26.1,100907,2019-11-10 12:37
0,25.1,100944,2019-11-10 13:07
0,24.0,100965,2019-11-10 13:38
0,23.5,100982,2019-11-10 14:08
0,23.2,100980,2019-11-10 14:38
0,22.7,101009,2019-11-10 15:08
0,22.3,101022,2019-11-10 15:38
0,22.0,101039,2019-11-10 16:08
0,21.9,101075,2019-11-10 16:38
